id,handledag,gender,age,basket2,brand1,brand4,brand5,hedonic1,hedonic2,hedonic4,confused1,confused2,confused4,perf2,perf3,perf4,careless1,careless2,careless3,value1,value2,habit1,habit2,novelty1,novelty2,novelty3
1,Thursday,Male,31-35 yr,Cart,5,5,5,5,5,5,5,5,5,5,5,5,5,5,5,5,5,5,5,5,5,5
2,Thursday,Male,51-55 yr,Cart,3,4,3,2,2,3,3,2,3,4,4,4,4,5,3,3,2,4,4,3,3,3
3,Wednesday,Male,41-45 yr,Basket,2,3,3,1,1,3,3,4,3,4,4,3,4,3,2,4,3,3,4,2,1,1
4,Wednesday,Male,21-25 yr,Basket,1,1,1,3,1,1,3,3,3,3,3,3,4,4,4,3,3,4,4,1,1,1
5,Thursday,Male,61-65 yr,Cart,1,1,1,2,2,2,2,2,4,3,3,4,4,3,4,4,4,4,4,1,1,1
6,Tuesday,Male,31-35 yr,Trolley,1,3,3,3,2,2,4,4,2,4,5,3,2,2,2,3,4,3,3,1,2,3
7,Monday,Male,21-25 yr,Arms,3,2,4,2,2,3,3,3,3,3,3,4,3,4,3,3,3,3,3,2,2,3
8,Tuesday,Male,21-25 yr,Arms,3,3,4,2,1,1,3,2,2,4,4,4,4,4,3,4,3,3,3,2,1,1
10,Thursday,Female,21-25 yr,Arms,2,2,2,4,4,4,3,2,3,2,2,2,3,4,2,4,3,4,3,2,4,2
11,Tuesday,Male,26-30 yr,Basket,3,3,3,2,2,2,3,4,3,4,2,3,3,4,2,3,3,2,3,2,1,2
12,Wednesday,Female,21-25 yr,Trolley,3,2,3,4,4,4,4,4,4,3,3,3,2,3,2,4,4,4,4,3,4,4
13,Friday,Female,21-25 yr,Basket,4,3,4,4,4,4,2,2,2,3,3,3,3,4,2,2,2,4,4,3,2,4
14,Tuesday,Female,26-30 yr,Cart,1,3,2,3,2,4,2,1,1,5,5,5,1,2,1,1,2,4,4,4,2,2
15,Monday,Male,31-35 yr,Basket,4,2,4,2,1,1,2,2,2,2,2,2,4,4,1,3,3,5,4,2,1,1
16,Monday,Female,16-20 yr,Trolley,3,2,2,4,4,4,3,2,3,4,4,4,4,4,3,4,3,4,4,2,4,3
17,Wednesday,Female,16-20 yr,Arms,3,3,3,2,3,1,2,1,2,4,3,3,2,3,2,3,2,2,3,2,1,3
18,Wednesday,Female,21-25 yr,Arms,3,3,3,4,4,3,2,3,1,3,3,4,3,4,3,3,3,3,4,3,3,3
19,Thursday,Female,31-35 yr,Cart,3,2,4,3,1,2,2,4,1,5,5,5,4,2,1,4,2,5,4,2,2,2
20,Thursday,Male,21-25 yr,Trolley,4,4,4,4,4,4,4,4,4,4,2,4,4,4,4,4,4,4,4,4,4,4
21,Thursday,Male,31-35 yr,Trolley,3,3,3,4,2,4,3,3,3,4,5,4,4,4,3,4,4,3,3,3,3,3
22,Friday,Male,26-30 yr,Basket,4,2,4,3,2,3,2,3,2,4,4,4,4,4,3,4,2,3,3,3,2,2
23,Monday,Female,51-55 yr,Trolley,3,2,3,3,3,3,4,3,3,4,5,4,3,3,1,1,1,3,4,1,3,4
24,Tuesday,Male,46-50 yr,Trolley,4,4,4,3,2,2,3,2,4,4,4,4,4,4,2,4,2,4,4,4,3,2
25,Wednesday,Female,16-20 yr,Trolley,1,2,2,4,3,4,3,3,3,3,2,3,4,3,3,2,2,3,4,3,4,4
26,Monday,Male,31-35 yr,Arms,2,2,4,1,1,1,2,2,1,5,5,4,2,3,2,3,2,3,3,1,1,1
27,Tuesday,Female,41-45 yr,Basket,2,2,2,3,3,3,2,2,2,4,3,4,2,2,2,4,4,3,2,2,2,2
28,Wednesday,Male,21-25 yr,Trolley,2,1,2,2,2,1,1,1,2,2,3,2,3,3,3,3,2,2,2,2,2,2
29,Saturday,Female,16-20 yr,Arms,4,3,4,4,3,3,3,2,3,3,3,3,4,3,2,1,3,4,3,4,5,5
30,Wednesday,Female,21-25 yr,Trolley,1,2,2,1,1,3,3,3,3,3,3,2,4,5,3,3,3,3,2,3,2,2
31,Tuesday,Female,26-30 yr,Basket,4,2,2,4,2,4,2,2,2,4,4,4,4,4,4,2,2,4,3,4,4,4
32,Friday,Female,21-25 yr,Trolley,3,3,3,4,3,4,2,3,3,4,4,4,4,4,3,3,3,4,4,3,3,3
33,Tuesday,Female,31-35 yr,Basket,4,2,3,4,3,3,2,4,4,3,3,2,4,4,3,4,3,4,4,4,3,4
34,Thursday,Female,16-20 yr,Arms,3,3,3,4,4,2,3,3,3,4,4,4,3,3,3,5,5,3,3,4,4,4
35,Thursday,Female,16-20 yr,Cart,2,3,1,4,2,3,4,2,2,5,3,3,2,2,2,2,3,3,4,3,2,3
36,Thursday,Female,26-30 yr,Trolley,2,3,4,4,4,4,2,3,2,4,4,4,2,5,4,3,2,4,4,4,3,2
37,Wednesday,Female,36-40 yr,Basket,3,3,4,2,2,1,1,1,1,5,5,5,4,3,2,4,3,5,4,1,1,1
38,Monday,Male,26-30 yr,Basket,2,2,4,3,1,4,1,2,1,4,3,4,4,4,3,4,2,2,2,1,2,2
39,Tuesday,Male,16-20 yr,Arms,4,3,5,4,1,4,2,1,1,5,4,3,1,1,1,5,5,1,1,4,4,4
40,Tuesday,Male,51-55 yr,Trolley,3,3,3,2,2,2,4,3,4,3,2,4,2,2,3,4,3,5,5,2,1,2
41,Tuesday,Female,16-20 yr,Cart,2,3,4,3,4,4,5,2,1,5,5,5,5,5,5,3,3,5,5,3,2,3
42,Wednesday,Female,16-20 yr,Cart,3,3,2,4,3,4,3,4,3,4,4,4,4,3,3,2,2,3,3,4,4,3
43,Monday,Female,26-30 yr,Arms,3,4,4,5,4,5,2,1,1,4,4,3,3,4,2,1,2,5,5,5,5,3
44,Thursday,Female,36-40 yr,Basket,3,2,2,3,2,2,2,2,2,4,4,5,4,3,2,3,3,2,3,3,3,2
45,Wednesday,Female,21-25 yr,Cart,3,3,3,4,4,4,2,3,1,3,2,3,4,4,4,3,3,4,4,2,4,4
46,Wednesday,Female,36-40 yr,Arms,2,2,1,1,1,3,3,1,3,3,3,3,3,3,1,3,3,3,3,1,1,1
47,Tuesday,Female,36-40 yr,Arms,3,1,3,1,1,1,1,1,1,2,2,3,3,2,1,3,3,2,1,1,1,1
48,Tuesday,Female,51-55 yr,Basket,1,1,1,2,2,2,2,2,2,3,3,3,2,2,1,3,2,1,1,1,1,1
49,Tuesday,Female,16-20 yr,Trolley,3,3,2,5,4,3,3,3,2,4,4,3,3,3,4,4,4,4,4,4,3,4
50,Monday,Male,56-60 yr,Basket,4,3,4,2,2,2,4,4,3,4,4,4,3,4,3,3,2,4,3,2,2,2
51,Thursday,Male,16-20 yr,Basket,3,3,2,2,2,2,2,2,2,4,3,4,3,3,2,3,3,3,3,1,1,2
52,Friday,Male,21-25 yr,Basket,1,3,1,1,1,1,1,3,3,1,3,1,1,2,3,1,1,1,2,3,1,2
53,Tuesday,Male,71-75 yr,Cart,2,2,2,2,2,2,2,2,2,4,4,1,3,2,2,2,2,1,1,2,2,3
54,Tuesday,Male,46-50 yr,Cart,1,1,1,1,1,3,3,1,2,3,3,3,3,3,3,3,3,1,2,1,1,1
55,Monday,Female,21-25 yr,Basket,1,1,1,5,4,2,2,4,1,5,5,5,4,2,1,5,4,5,5,4,2,1
56,Monday,Female,31-35 yr,Trolley,3,2,3,3,3,3,2,2,2,4,4,5,4,5,5,3,3,4,4,4,2,3
57,Wednesday,Female,36-40 yr,Arms,1,1,1,3,2,3,4,4,4,5,3,2,4,4,3,5,5,2,3,1,1,1
58,Wednesday,Female,46-50 yr,Cart,2,3,2,4,4,3,3,2,2,4,4,4,4,4,3,4,4,4,4,1,1,3
59,Tuesday,Female,21-25 yr,Basket,4,2,3,5,5,5,3,3,3,4,3,4,4,4,4,3,4,4,3,5,4,5
60,Thursday,Female,16-20 yr,Trolley,5,3,2,4,2,4,4,4,5,4,2,2,5,4,4,2,2,2,4,4,4,3
61,Tuesday,Female,16-20 yr,Arms,4,2,4,5,5,5,4,4,3,2,2,2,4,4,3,5,3,4,4,4,4,3
62,Wednesday,Female,21-25 yr,Basket,3,4,3,4,4,3,2,2,2,4,3,3,2,3,2,4,2,4,4,4,4,4
63,Monday,Male,36-40 yr,Trolley,4,3,4,3,1,3,2,3,2,2,4,2,1,2,1,4,2,3,4,3,2,3
64,Wednesday,Female,46-50 yr,Basket,2,1,1,4,2,2,1,1,1,4,4,4,2,4,1,4,2,2,4,4,4,4
65,Tuesday,Female,41-45 yr,Cart,4,4,2,2,2,1,4,4,1,4,4,4,2,2,2,3,2,4,4,2,1,2
66,Thursday,Female,21-25 yr,Basket,1,2,2,5,2,4,2,2,2,4,3,3,5,4,2,2,2,5,4,4,4,2
67,Thursday,Male,46-50 yr,Cart,2,3,1,1,1,1,3,2,3,3,3,3,3,2,3,3,3,2,3,1,1,2
68,Wednesday,Female,21-25 yr,Trolley,2,1,1,3,2,2,2,2,4,4,3,5,2,4,2,2,3,1,4,2,2,3
69,Tuesday,Female,21-25 yr,Arms,2,2,2,5,4,4,3,2,2,3,3,4,4,4,3,3,2,3,4,4,3,4
70,Wednesday,Female,56-60 yr,Cart,2,2,2,3,2,2,3,2,2,4,4,4,2,2,1,4,2,4,4,2,2,3
71,Saturday,Male,31-35 yr,Cart,5,3,4,1,2,2,1,5,1,5,5,5,3,2,2,5,4,5,5,2,2,2
72,Wednesday,Female,26-30 yr,Basket,2,3,3,5,5,5,4,4,3,3,3,3,2,4,2,4,3,4,4,5,5,5
73,Tuesday,Male,56-60 yr,Cart,1,4,1,1,1,1,4,2,2,4,4,4,2,2,2,4,4,2,4,1,1,1
74,Monday,Male,36-40 yr,Arms,4,2,4,2,3,2,2,2,2,4,4,5,3,3,3,4,2,4,4,3,3,4
75,Wednesday,Female,41-45 yr,Cart,2,3,2,2,1,2,3,3,2,4,5,5,4,4,2,5,3,2,4,4,3,4
76,Tuesday,Male,26-30 yr,Cart,4,3,3,2,2,3,3,2,4,4,4,3,5,5,3,3,1,2,3,1,2,2
77,Friday,Male,41-45 yr,Basket,4,4,4,4,4,3,2,2,2,4,4,4,3,4,2,3,2,4,3,4,4,4
78,Thursday,Female,21-25 yr,Arms,2,1,1,4,4,4,4,2,4,4,4,4,4,4,4,4,4,2,2,2,1,2
79,Monday,Male,61-65 yr,Basket,1,1,1,2,1,2,3,1,1,2,2,3,2,2,1,3,1,3,3,1,1,1
80,Tuesday,Female,16-20 yr,Trolley,2,3,4,5,5,5,2,1,2,3,3,3,5,5,5,2,2,4,4,4,3,4
81,Wednesday,Male,51-55 yr,Trolley,1,1,1,1,1,1,4,4,4,1,1,3,4,4,4,3,3,4,4,2,1,1
82,Thursday,Female,21-25 yr,Basket,2,1,2,1,1,1,4,4,2,1,2,1,2,2,2,5,5,4,4,2,2,1
83,Friday,Female,21-25 yr,Arms,2,1,1,5,4,4,1,5,1,2,2,1,3,3,2,5,3,2,2,2,2,2
84,Wednesday,Male,31-35 yr,Arms,4,3,4,3,2,3,4,3,5,4,4,4,4,3,3,3,3,4,4,3,1,4
85,Tuesday,Female,21-25 yr,Basket,1,3,3,1,1,1,2,2,2,3,3,3,1,2,1,5,4,5,4,1,1,1
86,Wednesday,Male,31-35 yr,Arms,2,1,2,2,1,1,2,2,1,1,2,2,4,4,1,4,2,5,2,1,1,1
87,Tuesday,Female,51-55 yr,Arms,2,1,1,2,2,4,2,2,2,2,2,2,3,3,2,4,3,3,3,2,2,3
88,Monday,Female,26-30 yr,Cart,1,2,3,3,3,2,2,2,2,2,2,2,1,1,1,1,3,1,4,3,2,2
89,Thursday,Female,16-20 yr,Basket,4,3,4,4,4,4,2,3,1,4,4,3,4,4,4,3,2,4,4,4,4,4
90,Thursday,Male,21-25 yr,Basket,3,4,3,4,2,2,3,3,2,5,4,4,4,4,4,3,2,4,3,3,2,4
91,Thursday,Female,21-25 yr,Basket,1,2,2,4,4,1,3,3,3,3,2,2,2,2,3,3,3,2,3,2,2,2
92,Tuesday,Female,36-40 yr,Cart,3,3,2,4,3,3,4,4,4,4,4,4,3,3,3,3,3,4,4,3,2,2
93,Wednesday,Male,16-20 yr,Arms,4,4,2,2,2,2,2,2,2,5,4,5,2,2,2,5,3,4,4,2,2,2
94,Tuesday,Female,51-55 yr,Basket,3,2,2,4,4,3,1,4,3,3,2,3,3,3,2,3,4,4,3,4,3,4
95,Monday,Female,31-35 yr,Cart,2,1,1,5,4,5,1,1,1,5,2,2,5,5,2,2,2,5,5,2,2,4
96,Wednesday,Female,21-25 yr,Cart,2,2,2,4,4,4,4,3,3,4,3,3,4,4,3,4,3,4,3,2,3,2
97,Tuesday,Male,21-25 yr,Arms,4,4,4,3,2,2,2,3,2,3,4,4,1,1,1,2,3,4,3,2,2,3
98,Friday,Male,41-45 yr,Basket,4,4,4,4,4,3,2,2,2,4,4,4,3,4,2,3,2,4,3,4,4,4
99,Wednesday,Male,41-45 yr,Basket,4,4,4,4,4,3,2,2,2,4,4,4,3,4,2,3,2,4,3,4,4,4
100,Tuesday,Male,41-45 yr,Basket,4,4,4,4,4,3,2,2,2,4,4,4,3,4,2,3,2,4,3,4,4,4
101,Monday,Female,26-30 yr,Arms,5,5,5,3,2,3,2,1,2,3,3,3,3,4,3,5,3,5,5,4,4,4
102,Tuesday,Male,26-30 yr,Basket,1,1,1,2,2,2,2,2,2,3,3,3,3,3,2,3,2,3,4,1,1,2
103,Wednesday,Female,26-30 yr,Basket,2,4,1,4,4,4,2,2,2,4,4,4,3,4,3,3,2,4,3,5,5,4
104,Thursday,Female,31-35 yr,Trolley,3,3,3,2,1,3,3,3,3,4,4,3,4,5,3,5,3,3,3,3,3,3
105,Thursday,Female,31-35 yr,Arms,3,2,3,3,2,3,4,2,2,5,4,4,3,4,2,3,3,4,3,3,4,3
106,Wednesday,Male,21-25 yr,Basket,3,3,3,3,3,3,3,3,3,3,3,3,3,3,3,3,3,3,3,3,3,3
107,Wednesday,Female,26-30 yr,Cart,3,4,3,4,1,3,4,2,2,3,4,2,2,2,2,5,1,5,5,3,1,4
108,Wednesday,Female,31-35 yr,Arms,2,3,2,1,2,2,5,4,4,3,3,3,4,4,2,3,2,3,4,1,1,1
109,Tuesday,Female,21-25 yr,Basket,4,3,3,4,4,3,3,4,2,5,5,5,3,3,4,3,2,4,4,3,2,2
110,Monday,Male,26-30 yr,Trolley,1,2,2,1,1,1,2,3,3,1,1,1,4,4,3,4,4,4,4,1,1,1
111,Wednesday,Male,21-25 yr,Arms,1,1,1,3,3,3,3,3,3,2,2,3,4,4,4,4,3,1,1,1,1,1
112,Tuesday,Male,41-45 yr,Basket,4,4,4,4,4,3,2,2,2,4,4,4,3,4,2,3,2,4,3,4,4,4
113,Tuesday,Female,31-35 yr,Basket,3,2,3,4,4,4,3,3,2,5,4,4,3,4,2,5,3,4,4,3,3,3
114,Monday,Female,51-55 yr,Cart,2,2,2,1,1,1,2,2,2,4,4,4,4,2,2,3,4,4,4,2,1,1
115,Thursday,Female,21-25 yr,Basket,2,2,3,4,3,4,2,4,2,4,4,4,4,3,2,4,3,4,4,2,2,3
116,Monday,Female,26-30 yr,Cart,3,3,3,4,4,3,1,1,1,4,2,4,4,4,2,4,3,4,4,4,3,4
117,Thursday,Male,36-40 yr,Cart,4,3,4,2,1,1,2,1,3,4,4,5,5,4,3,3,2,4,4,1,1,1
118,Tuesday,Male,16-20 yr,Arms,3,2,2,1,1,1,4,3,3,3,2,2,5,5,5,3,3,4,4,2,2,2
119,Wednesday,Male,31-35 yr,Basket,4,3,4,2,2,2,3,2,4,4,3,4,5,3,2,3,3,5,4,1,1,3
120,Tuesday,Male,26-30 yr,Trolley,3,3,3,3,3,3,4,3,4,5,5,5,4,4,2,4,3,4,3,4,3,3
121,Thursday,Female,21-25 yr,Cart,3,1,3,4,4,3,2,2,2,5,4,4,3,2,1,4,4,4,4,3,3,3
122,Monday,Female,31-35 yr,Arms,2,1,1,4,3,3,4,3,1,3,1,3,4,4,3,3,1,2,4,2,3,3
123,Tuesday,Male,51-55 yr,Cart,2,2,2,1,1,3,3,3,5,3,4,4,3,3,3,3,2,3,4,2,2,2
124,Wednesday,Male,21-25 yr,Basket,2,2,2,2,1,3,2,2,2,4,4,4,2,4,3,3,3,2,2,1,2,2
125,Tuesday,Female,16-20 yr,Arms,2,3,3,4,4,4,4,2,2,4,3,4,4,4,4,3,3,3,2,4,4,4
126,Monday,Female,31-35 yr,Arms,4,3,4,4,3,4,4,4,3,5,4,4,2,4,4,4,4,4,4,4,2,2
127,Thursday,Female,51-55 yr,Trolley,2,3,3,3,2,3,3,3,2,4,4,3,3,3,2,5,3,4,4,3,2,3
128,Tuesday,Male,36-40 yr,Trolley,1,2,1,3,2,1,3,1,2,2,2,2,2,2,2,3,3,2,1,2,2,3
129,Wednesday,Female,16-20 yr,Basket,2,2,2,4,3,3,4,4,2,4,3,3,3,3,4,4,3,2,3,2,3,1
130,Tuesday,Female,16-20 yr,Basket,1,1,1,5,5,5,1,1,1,2,2,2,3,2,1,3,4,3,4,4,4,2
131,Monday,Female,26-30 yr,Basket,3,3,3,5,5,5,2,3,2,4,4,4,3,3,3,3,3,3,3,4,4,4
132,Tuesday,Male,36-40 yr,Arms,4,4,4,5,3,4,2,2,3,2,2,2,4,3,4,2,2,4,3,4,4,4
133,Wednesday,Female,26-30 yr,Cart,2,2,2,4,3,3,2,2,1,1,1,1,3,2,2,4,3,3,4,2,2,2
134,Tuesday,Male,21-25 yr,Basket,4,4,4,1,1,1,1,1,3,5,4,5,3,4,3,3,2,5,5,3,1,2
135,Monday,Female,21-25 yr,Basket,3,1,3,2,2,2,3,2,3,3,3,3,5,3,3,3,3,3,3,1,1,1
136,Thursday,Male,31-35 yr,Arms,4,3,4,3,2,3,4,3,5,4,4,4,4,3,3,3,3,4,4,3,1,4
137,Tuesday,Male,16-20 yr,Trolley,2,2,2,4,2,3,1,2,3,4,2,2,3,2,2,3,4,2,3,2,1,1
138,Wednesday,Male,21-25 yr,Arms,4,4,3,2,1,2,2,1,2,3,3,3,2,3,2,4,2,4,4,2,2,3
139,Saturday,Male,31-35 yr,Arms,4,3,4,3,2,3,4,3,5,4,4,4,4,3,3,3,3,4,4,3,1,4
140,Wednesday,Female,31-35 yr,Cart,2,2,1,4,3,3,3,3,1,3,3,3,5,5,4,3,4,5,5,5,5,4
141,Tuesday,Male,26-30 yr,Trolley,3,2,1,4,3,4,3,3,3,4,3,3,3,4,2,4,3,2,4,2,2,2
142,Monday,Male,36-40 yr,Cart,4,2,4,2,2,2,2,2,2,4,4,4,4,4,2,2,2,4,4,2,2,2
143,Thursday,Female,16-20 yr,Arms,3,3,3,5,2,3,4,3,4,3,4,3,5,5,5,4,3,4,3,1,1,1
144,Friday,Male,36-40 yr,Trolley,4,3,3,3,2,2,2,2,2,3,3,3,2,2,1,2,1,4,3,3,3,4
145,Friday,Female,51-55 yr,Trolley,2,3,3,4,4,4,4,4,4,5,5,5,3,3,3,1,1,2,4,4,4,4
146,Thursday,Male,31-35 yr,Cart,5,3,4,2,2,2,4,4,2,5,5,5,4,4,4,3,1,5,5,1,1,1
147,Thursday,Female,51-55 yr,Cart,1,3,1,2,2,2,2,2,2,2,2,2,3,3,2,2,2,1,1,2,1,1
148,Wednesday,Female,26-30 yr,Cart,2,3,1,4,3,2,4,4,2,4,4,4,3,2,3,2,2,4,5,2,3,2
149,Thursday,Female,26-30 yr,Basket,2,1,2,5,4,3,1,1,2,3,2,3,3,4,4,4,3,5,3,1,1,1
150,Wednesday,Male,31-35 yr,Trolley,2,4,4,2,1,1,3,2,2,5,4,5,3,4,1,4,3,4,4,2,2,2
151,Thursday,Female,21-25 yr,Basket,4,4,3,4,4,4,3,3,3,4,4,5,4,4,3,4,2,3,4,4,2,4
152,Tuesday,Male,21-25 yr,Basket,3,1,1,2,2,2,1,1,2,3,2,1,3,3,3,1,3,1,1,2,2,3
153,Tuesday,Female,31-35 yr,Basket,1,1,1,1,2,2,2,2,2,4,4,4,4,2,1,3,2,4,4,1,1,1
154,Wednesday,Male,31-35 yr,Trolley,4,3,4,2,1,1,2,2,4,4,4,4,2,2,1,2,3,4,4,2,2,3
155,Wednesday,Male,31-35 yr,Cart,2,2,2,1,1,1,2,2,2,4,4,4,4,4,3,4,2,1,2,1,1,2
156,Monday,Male,31-35 yr,Arms,4,3,3,1,1,1,2,3,2,4,4,4,4,4,4,3,3,3,4,2,2,3
158,Tuesday,Male,16-20 yr,Basket,1,3,4,2,1,1,1,1,1,5,5,5,4,3,2,3,4,3,4,1,1,1
159,Monday,Male,31-35 yr,Basket,2,3,3,1,1,1,4,2,2,4,3,4,4,4,4,3,3,4,4,3,1,2
160,Monday,Male,31-35 yr,Arms,4,2,4,3,2,2,3,2,2,5,5,4,3,3,2,4,4,3,3,2,2,2
161,Tuesday,Male,26-30 yr,Basket,1,1,1,1,1,1,3,2,3,4,3,3,2,2,3,3,3,3,4,1,1,1
162,Tuesday,Male,26-30 yr,Cart,3,2,2,2,2,1,4,4,3,3,3,1,4,4,4,5,4,4,4,1,1,1
163,Wednesday,Male,21-25 yr,Trolley,1,2,4,1,1,2,4,4,2,4,2,3,4,4,4,5,4,5,4,1,1,1
164,Thursday,Female,31-35 yr,Cart,2,2,2,5,4,4,2,2,2,4,4,4,2,2,2,4,3,2,4,4,4,3
165,Thursday,Male,41-45 yr,Cart,1,2,1,1,1,1,4,4,3,4,3,3,2,2,2,3,4,2,3,1,1,1
166,Friday,Male,21-25 yr,Basket,3,2,3,3,2,4,3,3,2,3,2,2,4,4,4,3,2,3,4,3,3,3
167,Friday,Male,26-30 yr,Arms,2,2,2,2,1,2,2,3,2,4,4,3,4,3,2,3,3,3,3,2,1,3
168,Friday,Female,31-35 yr,Basket,2,2,2,2,1,2,1,1,1,4,4,4,2,2,1,3,2,4,4,2,2,2
169,Thursday,Female,31-35 yr,Basket,1,1,1,1,2,2,2,2,2,4,4,4,4,2,1,3,2,4,4,1,1,1
170,Tuesday,Female,31-35 yr,Basket,2,2,2,2,1,2,1,1,1,4,4,4,2,2,1,3,2,4,4,2,2,2
171,Wednesday,Male,31-35 yr,Trolley,1,1,1,3,2,3,2,3,5,3,4,1,4,4,4,5,3,4,3,1,1,1
172,Monday,Male,26-30 yr,Basket,3,2,3,2,2,2,3,3,1,4,3,4,4,4,2,4,3,4,3,1,1,1
173,Tuesday,Male,26-30 yr,Arms,4,3,3,3,1,2,3,3,3,4,4,4,3,2,3,3,3,4,4,3,2,3
174,Tuesday,Female,26-30 yr,Trolley,3,1,3,3,2,2,3,3,3,5,4,4,3,3,2,3,2,4,4,3,1,1
175,Wednesday,Female,31-35 yr,Basket,4,3,3,2,2,2,4,4,2,4,3,3,4,3,2,4,3,4,4,1,1,1
176,Tuesday,Male,31-35 yr,Basket,4,1,3,2,1,1,1,1,1,4,4,4,5,1,1,5,3,4,4,1,1,1
177,Monday,Female,21-25 yr,Basket,3,4,3,2,2,2,2,2,2,2,4,4,2,2,2,2,3,4,4,4,2,2
178,Thursday,Male,26-30 yr,Arms,3,3,1,3,2,2,2,2,3,5,4,4,4,4,4,4,3,4,3,1,1,1
179,Tuesday,Female,26-30 yr,Arms,4,3,3,4,3,4,5,3,5,3,4,2,5,5,4,5,4,4,3,1,2,2
180,Wednesday,Female,21-25 yr,Trolley,3,2,2,4,3,4,2,2,1,4,3,4,2,2,2,4,3,3,3,2,2,3
181,Wednesday,Female,21-25 yr,Basket,2,3,2,4,3,4,3,3,4,2,4,3,4,4,3,2,3,4,4,4,4,4
182,Tuesday,Female,31-35 yr,Arms,4,2,4,4,4,4,4,4,1,4,4,4,1,2,3,4,4,4,4,4,4,4
183,Thursday,Female,31-35 yr,Arms,1,1,1,3,3,3,5,5,4,2,2,2,3,3,3,4,4,3,4,1,1,2
184,Thursday,Female,31-35 yr,Arms,3,2,1,4,3,3,2,1,3,3,4,3,4,3,2,5,4,5,4,2,3,4
185,Friday,Female,31-35 yr,Cart,3,2,3,3,3,3,3,4,4,3,4,3,2,3,2,5,4,3,4,1,1,1
186,Tuesday,Female,21-25 yr,Arms,3,2,2,2,3,3,2,2,2,3,4,3,2,2,3,4,4,3,3,2,2,2
187,Wednesday,Female,31-35 yr,Cart,2,3,3,5,4,4,1,1,1,4,4,4,1,1,5,5,4,5,4,4,3,2
188,Monday,Male,26-30 yr,Basket,2,2,2,2,1,1,2,2,2,3,3,2,3,4,3,3,3,4,3,1,1,1
189,Tuesday,Female,41-45 yr,Cart,1,1,3,3,2,1,2,1,1,4,4,3,2,3,1,4,4,5,5,1,2,1
190,Thursday,Female,31-35 yr,Trolley,2,3,2,3,1,2,2,2,2,4,3,4,2,3,2,4,3,4,3,2,2,3
191,Wednesday,Female,31-35 yr,Cart,3,1,2,3,1,3,3,3,3,4,4,4,3,3,3,4,4,4,5,1,1,1
192,Saturday,Female,26-30 yr,Arms,3,2,3,2,2,3,4,3,4,4,4,3,3,2,1,4,4,4,5,3,2,2
193,Tuesday,Female,46-50 yr,Basket,1,1,2,3,2,2,3,1,3,4,2,2,5,4,4,4,4,1,3,1,1,1
194,Monday,Female,26-30 yr,Basket,4,4,4,3,3,3,2,2,2,4,3,3,4,3,3,5,4,4,4,2,1,3
195,Thursday,Female,41-45 yr,Trolley,3,1,2,1,1,1,5,5,1,5,5,5,5,3,4,5,4,5,4,2,2,4
196,Friday,Male,31-35 yr,Cart,4,4,4,4,3,3,2,4,2,4,4,4,3,3,3,2,2,3,4,4,3,4
197,Tuesday,Female,26-30 yr,Basket,1,2,1,5,4,4,1,1,1,1,2,2,3,4,2,5,3,4,3,3,2,5
198,Wednesday,Female,26-30 yr,Arms,3,3,3,4,3,4,4,4,2,4,5,5,5,4,3,2,1,4,4,5,4,4
199,Monday,Female,26-30 yr,Trolley,2,2,2,5,5,5,2,2,2,2,2,2,4,4,4,3,4,4,4,4,4,4
200,Wednesday,Male,26-30 yr,Basket,3,2,2,4,2,4,4,4,2,2,4,2,3,3,2,4,2,2,3,2,2,2
201,Tuesday,Female,26-30 yr,Cart,1,1,1,2,2,2,2,2,2,4,4,4,3,3,4,3,4,2,2,3,2,2
202,Thursday,Female,16-20 yr,Arms,4,5,5,4,4,5,4,4,1,4,4,4,4,4,3,4,3,4,4,3,2,4
203,Tuesday,Female,26-30 yr,Cart,3,5,1,1,1,4,1,1,1,4,4,4,5,1,1,5,5,2,1,2,2,2
204,Wednesday,Female,26-30 yr,Cart,4,3,4,1,1,1,2,1,1,4,4,4,1,1,2,2,2,5,4,3,3,4
205,Friday,Female,31-35 yr,Arms,4,2,4,5,4,4,3,3,1,4,4,4,5,5,2,5,5,4,5,5,4,5
206,Friday,Male,46-50 yr,Trolley,1,1,1,3,3,3,2,2,1,5,5,5,3,3,2,4,3,3,3,3,1,3
207,Thursday,Male,36-40 yr,Arms,2,3,1,2,2,2,4,2,2,5,5,5,4,4,3,4,4,4,2,2,1,4
208,Thursday,Female,26-30 yr,Basket,1,1,1,4,4,3,4,2,2,2,1,3,2,2,2,2,2,4,4,2,2,2
209,Tuesday,Female,36-40 yr,Cart,3,3,2,1,1,1,4,4,5,5,5,4,4,4,3,2,3,5,2,2,1,2
210,Wednesday,Male,26-30 yr,Arms,4,4,5,5,5,5,4,4,3,3,3,3,5,4,4,1,1,3,2,2,2,3
211,Tuesday,Female,31-35 yr,Trolley,3,2,1,2,2,2,1,1,3,2,2,2,1,3,1,1,1,1,1,2,2,2
212,Thursday,Female,51-55 yr,Basket,4,2,4,1,1,1,3,3,4,4,4,4,4,4,2,4,2,3,2,2,3,1
213,Wednesday,Female,21-25 yr,Basket,1,2,2,3,2,2,5,4,2,4,2,3,5,5,5,4,5,5,5,2,2,2
214,Wednesday,Female,41-45 yr,Cart,2,1,1,1,1,1,2,2,2,4,5,3,5,5,4,3,3,3,3,1,1,1
215,Monday,Female,36-40 yr,Trolley,2,1,2,4,4,4,2,2,2,4,4,4,4,4,2,4,3,4,4,4,4,4
216,Friday,Female,26-30 yr,Arms,2,1,2,2,2,1,3,3,2,3,4,4,4,4,2,2,3,2,2,2,1,2
217,Friday,Female,26-30 yr,Basket,3,1,3,2,2,3,3,4,3,3,3,3,4,3,1,5,3,3,4,2,1,1
218,Wednesday,Female,61-65 yr,Cart,2,3,1,3,1,1,3,3,1,3,3,3,4,3,3,4,3,2,4,1,2,1
219,Wednesday,Female,16-20 yr,Basket,3,2,2,3,2,3,2,3,3,4,4,4,2,2,2,4,3,4,4,2,1,2
220,Tuesday,Male,26-30 yr,Arms,1,4,2,3,3,2,3,2,2,2,2,2,5,5,1,4,5,1,3,1,1,4
221,Thursday,Female,26-30 yr,Basket,3,1,1,3,3,2,1,1,2,3,4,4,3,2,2,5,5,3,5,1,1,1
222,Saturday,Female,16-20 yr,Trolley,4,4,4,4,4,4,3,4,4,4,4,4,3,4,3,4,4,4,4,4,4,4
223,Wednesday,Female,31-35 yr,Basket,2,1,3,4,2,4,2,2,2,2,2,2,2,2,1,5,4,4,4,1,1,1
224,Tuesday,Female,21-25 yr,Cart,2,1,1,4,2,4,2,2,2,2,2,3,4,3,2,4,4,4,4,1,2,2
225,Wednesday,Male,26-30 yr,Trolley,4,4,4,3,2,2,4,4,3,4,4,4,4,3,2,2,3,4,4,4,4,4
226,Tuesday,Female,36-40 yr,Trolley,3,3,4,4,4,5,2,4,2,3,2,3,4,3,3,4,3,4,2,5,4,4
228,Wednesday,Male,21-25 yr,Trolley,4,2,2,2,1,4,1,1,1,4,4,4,2,2,3,5,3,3,3,3,3,3
229,Thursday,Male,31-35 yr,Basket,4,2,4,4,2,3,3,4,2,4,5,4,2,3,1,5,2,4,4,4,3,4
231,Friday,Female,31-35 yr,Trolley,4,2,4,2,2,2,4,3,4,3,3,3,4,4,4,3,3,4,4,2,2,2
232,Friday,Female,31-35 yr,Cart,2,4,3,4,3,4,3,3,2,5,3,4,4,5,4,3,2,2,2,3,4,4
233,Friday,Female,36-40 yr,Cart,1,1,1,1,1,1,3,2,2,2,2,2,3,2,3,3,3,3,3,1,1,1
234,Thursday,Female,31-35 yr,Basket,4,4,3,4,4,3,4,2,3,4,4,4,4,4,4,2,2,4,4,4,3,4
235,Monday,Female,26-30 yr,Cart,3,2,4,3,3,4,3,2,2,3,4,4,3,3,3,5,3,3,4,2,1,2
236,Tuesday,Female,56-60 yr,Cart,3,1,1,3,2,3,3,2,3,4,4,3,2,2,2,3,4,4,4,1,1,1
237,Wednesday,Female,31-35 yr,Trolley,3,1,1,4,4,4,4,2,3,4,4,4,5,4,2,2,1,2,3,4,3,4
238,Wednesday,Female,31-35 yr,Basket,1,2,2,1,1,1,3,1,4,5,5,5,4,4,3,3,2,4,4,1,1,1
240,Monday,Female,46-50 yr,Basket,2,2,2,2,2,2,4,4,2,4,4,4,3,3,3,3,3,4,4,2,2,2
241,Wednesday,Female,46-50 yr,Cart,2,2,1,3,3,2,2,2,2,4,3,3,3,4,4,4,4,2,3,2,2,2
242,Tuesday,Female,46-50 yr,Cart,1,1,1,1,1,1,3,2,2,4,3,2,2,2,1,3,3,2,4,1,1,1
243,Friday,Male,26-30 yr,Basket,4,2,4,1,1,1,3,3,3,4,3,4,5,5,5,5,3,4,4,3,3,3
244,Tuesday,Male,46-50 yr,Basket,4,4,4,2,2,2,4,4,3,4,4,4,4,4,4,2,2,4,4,5,2,3
245,Thursday,Female,46-50 yr,Basket,2,2,2,4,3,4,4,4,3,4,4,4,2,2,2,4,3,2,3,3,2,2
246,Thursday,Male,36-40 yr,Basket,2,2,2,4,3,4,3,2,2,4,3,4,4,3,3,4,3,3,3,2,2,2
247,Friday,Female,31-35 yr,Basket,2,1,2,1,1,1,3,2,3,2,4,4,3,3,2,5,5,3,4,3,3,1
248,Tuesday,Female,31-35 yr,Trolley,4,2,3,4,3,4,3,4,3,3,3,3,4,4,3,3,3,4,2,3,4,4
249,Wednesday,Female,26-30 yr,Basket,2,2,3,4,4,4,4,4,4,4,5,4,2,3,3,4,3,4,4,3,2,2
250,Monday,Female,31-35 yr,Cart,4,3,3,4,4,3,4,3,2,4,3,3,4,4,2,2,2,4,5,4,4,4
251,Tuesday,Female,41-45 yr,Trolley,4,1,3,4,4,4,4,3,3,5,5,5,3,3,2,5,3,4,2,4,4,4
252,Tuesday,Male,31-35 yr,Basket,3,3,3,3,1,2,2,2,1,4,4,4,2,2,1,3,3,4,2,2,2,2
253,Wednesday,Female,36-40 yr,Trolley,2,4,3,4,4,4,3,2,2,5,5,5,3,4,3,3,3,4,4,4,4,3
254,Wednesday,Female,51-55 yr,Basket,1,3,1,1,1,1,3,2,2,4,3,4,3,3,2,3,4,2,4,1,1,1
255,Thursday,Female,31-35 yr,Basket,1,1,1,3,1,1,3,3,1,3,3,3,3,3,3,3,3,3,3,2,2,2
256,Thursday,Female,31-35 yr,Arms,2,2,2,2,2,2,2,2,2,3,2,2,3,4,2,3,3,4,4,2,2,2
257,Monday,Female,41-45 yr,Cart,1,3,3,4,4,4,3,2,3,5,4,4,4,4,3,4,1,5,5,1,1,2
258,Thursday,Female,41-45 yr,Basket,3,1,2,3,1,2,5,5,3,3,4,3,5,3,3,1,5,3,3,1,1,1
259,Thursday,Female,56-60 yr,Trolley,2,1,1,3,2,2,2,3,3,4,4,4,3,3,3,4,4,3,4,3,2,2
260,Tuesday,Female,31-35 yr,Cart,4,3,3,4,4,3,4,3,2,4,3,3,4,4,2,2,2,4,5,4,4,4
261,Wednesday,Female,31-35 yr,Cart,4,3,3,4,4,3,4,3,2,4,3,3,4,4,2,2,2,4,5,4,4,4
262,Friday,Female,31-35 yr,Cart,4,3,3,4,4,3,4,3,2,4,3,3,4,4,2,2,2,4,5,4,4,4
263,Thursday,Female,31-35 yr,Cart,4,3,3,4,4,3,4,3,2,4,3,3,4,4,2,2,2,4,5,4,4,4
264,Thursday,Female,31-35 yr,Cart,4,3,3,4,4,3,4,3,2,4,3,3,4,4,2,2,2,4,5,4,4,4
265,Wednesday,Female,41-45 yr,Cart,3,2,2,4,2,3,4,4,2,4,4,3,4,4,3,4,2,4,3,2,2,4
266,Wednesday,Female,21-25 yr,Arms,5,4,4,5,5,5,2,1,3,5,2,3,2,2,2,3,1,5,5,2,3,4
268,Monday,Female,31-35 yr,Cart,4,2,3,2,2,3,4,2,4,4,3,3,2,2,2,5,4,4,4,3,2,4
269,Thursday,Male,21-25 yr,Arms,2,4,2,4,4,3,4,3,1,4,5,4,2,2,2,5,3,3,4,2,2,2
270,Tuesday,Female,31-35 yr,Cart,4,3,3,4,4,3,4,3,2,4,3,3,4,4,2,2,2,4,5,4,4,4
271,Wednesday,Female,31-35 yr,Cart,4,3,3,4,4,3,4,3,2,4,3,3,4,4,2,2,2,4,5,4,4,4
272,Thursday,Female,31-35 yr,Cart,4,3,3,4,4,3,4,3,2,4,3,3,4,4,2,2,2,4,5,4,4,4
273,Monday,Female,31-35 yr,Cart,4,3,3,4,4,3,4,3,2,4,3,3,4,4,2,2,2,4,5,4,4,4
274,Tuesday,Female,31-35 yr,Cart,4,3,3,4,4,3,4,3,2,4,3,3,4,4,2,2,2,4,5,4,4,4
275,Wednesday,Female,31-35 yr,Cart,4,3,3,4,4,3,4,3,2,4,3,3,4,4,2,2,2,4,5,4,4,4
276,Friday,Female,31-35 yr,Cart,4,3,3,4,4,3,4,3,2,4,3,3,4,4,2,2,2,4,5,4,4,4
277,Tuesday,Female,31-35 yr,Cart,4,3,3,4,4,3,4,3,2,4,3,3,4,4,2,2,2,4,5,4,4,4
278,Wednesday,Male,21-25 yr,Arms,4,4,3,3,4,3,1,3,1,5,4,5,5,5,4,2,2,5,4,3,3,2
279,Monday,Female,51-55 yr,Cart,1,1,3,3,1,1,3,1,1,3,3,2,1,1,1,3,3,1,3,3,2,1
280,Tuesday,Female,41-45 yr,Trolley,3,2,1,1,1,1,3,2,1,3,2,2,5,3,2,1,1,5,4,3,3,3
281,Wednesday,Female,16-20 yr,Basket,2,1,2,4,4,4,1,2,1,3,2,3,5,4,3,4,4,2,4,3,4,5
282,Thursday,Female,41-45 yr,Basket,2,1,1,1,1,2,3,3,2,3,3,3,2,2,2,3,3,2,3,2,1,1
283,Tuesday,Female,56-60 yr,Trolley,1,3,3,4,3,4,5,5,3,3,3,4,1,2,4,5,5,4,5,1,1,1
284,Monday,Female,26-30 yr,Basket,1,1,1,2,1,1,4,4,4,4,5,5,4,4,3,4,1,3,4,1,1,1
285,Monday,Female,56-60 yr,Basket,4,3,3,3,3,2,3,4,2,4,5,5,4,3,3,3,2,3,2,3,3,3
286,Tuesday,Male,31-35 yr,Basket,1,1,2,2,1,1,1,1,2,4,4,4,2,1,1,1,1,3,3,1,1,2
287,Wednesday,Female,36-40 yr,Cart,4,1,4,1,1,1,4,4,4,4,4,3,4,4,3,3,3,5,4,2,1,1
288,Wednesday,Male,31-35 yr,Trolley,4,3,4,3,1,2,2,2,2,4,5,4,3,4,2,3,2,4,4,3,4,3
289,Wednesday,Male,31-35 yr,Arms,1,1,1,4,3,3,1,1,1,3,4,3,5,5,2,1,3,3,3,1,1,1
290,Friday,Female,21-25 yr,Trolley,1,1,1,2,1,1,1,1,1,1,1,1,2,2,1,5,5,4,3,1,1,1
291,Thursday,Female,26-30 yr,Cart,3,2,4,3,3,4,3,2,2,3,4,4,3,3,3,5,3,3,4,2,1,2
292,Friday,Male,46-50 yr,Cart,3,1,1,1,1,1,3,1,1,3,3,3,3,3,3,3,3,3,3,1,1,1
293,Thursday,Female,56-60 yr,Cart,3,2,4,4,3,4,4,4,4,5,4,5,2,3,2,1,1,3,3,1,1,1
294,Thursday,Female,26-30 yr,Basket,3,1,1,3,2,2,1,3,2,1,2,2,4,4,3,5,4,4,4,2,1,1
295,Tuesday,Female,51-55 yr,Trolley,3,2,2,1,2,1,3,2,2,5,4,4,4,5,2,3,3,4,3,3,4,3
296,Wednesday,Male,21-25 yr,Trolley,3,3,3,3,3,3,2,2,1,3,2,3,2,3,3,1,2,3,3,3,3,3
298,Thursday,Female,16-20 yr,Basket,2,1,2,4,4,4,1,2,1,3,2,3,5,4,3,4,4,2,4,3,4,5
299,Tuesday,Female,31-35 yr,Cart,4,3,3,4,4,3,4,3,2,4,3,3,4,4,2,2,2,4,5,4,4,4
300,Friday,Female,31-35 yr,Cart,4,3,3,4,4,3,4,3,2,4,3,3,4,4,2,2,2,4,5,4,4,4
301,Saturday,Female,31-35 yr,Cart,4,3,3,4,4,3,4,3,2,4,3,3,4,4,2,2,2,4,5,4,4,4
302,Thursday,Female,31-35 yr,Cart,4,3,3,4,4,3,4,3,2,4,3,3,4,4,2,2,2,4,5,4,4,4
303,Monday,Female,31-35 yr,Cart,4,3,3,4,4,3,4,3,2,4,3,3,4,4,2,2,2,4,5,4,4,4
304,Tuesday,Male,26-30 yr,Trolley,2,2,2,2,2,1,2,2,2,4,4,4,2,3,2,2,3,3,4,2,2,2
305,Wednesday,Male,41-45 yr,Trolley,2,3,2,2,2,2,3,3,3,3,4,4,4,3,4,3,3,4,4,3,2,2
306,Wednesday,Female,26-30 yr,Basket,2,1,1,4,4,4,1,2,1,1,1,1,3,4,2,5,4,3,3,1,1,2
307,Wednesday,Female,21-25 yr,Basket,2,3,2,4,3,4,3,3,4,2,4,3,4,4,3,2,3,4,4,4,4,4
308,Friday,Female,16-20 yr,Arms,4,2,1,3,3,4,3,3,4,3,2,2,2,2,4,4,4,1,2,1,1,1
309,Wednesday,Female,51-55 yr,Cart,2,2,2,3,2,2,4,4,3,4,4,4,2,1,1,4,4,3,3,3,4,2
310,Thursday,Female,41-45 yr,Trolley,3,1,2,1,1,1,5,5,1,5,5,5,5,3,4,5,4,5,4,2,2,4
311,Thursday,Female,26-30 yr,Basket,3,2,3,3,2,4,4,4,1,4,4,4,4,3,2,3,2,4,3,1,1,1
312,Wednesday,Male,41-45 yr,Trolley,5,4,5,2,1,1,2,3,2,5,5,5,4,4,3,2,2,5,4,4,4,4
313,Wednesday,Female,26-30 yr,Cart,2,2,3,4,3,4,2,2,2,5,5,5,3,3,2,4,3,4,4,2,2,2
314,Tuesday,Male,21-25 yr,Arms,1,3,1,1,1,1,1,3,1,5,4,3,4,1,1,1,4,1,1,1,1,3
315,Friday,Female,26-30 yr,Arms,3,2,1,4,4,4,3,1,3,4,4,4,4,4,3,4,1,3,4,4,4,4
316,Friday,Male,21-25 yr,Basket,4,2,4,3,2,3,2,3,1,5,5,3,2,2,2,5,2,3,3,4,3,3
317,Wednesday,Male,26-30 yr,Basket,2,2,2,3,2,2,3,2,2,4,4,4,2,2,3,5,4,4,5,3,2,3
318,Tuesday,Female,51-55 yr,Cart,1,1,2,3,2,2,2,2,2,2,2,2,4,3,2,4,3,2,3,1,1,1
319,Monday,Female,26-30 yr,Trolley,3,2,3,4,3,3,4,3,3,4,5,4,4,4,4,3,3,4,4,4,3,4
320,Monday,Male,51-55 yr,Cart,4,3,4,4,4,3,3,3,3,3,3,4,4,4,3,4,3,4,4,3,2,2
321,Tuesday,Male,26-30 yr,Basket,5,2,4,2,1,1,2,4,1,5,5,5,3,3,2,5,2,5,5,3,2,2
322,Wednesday,Female,61-65 yr,Cart,1,1,3,3,1,3,3,3,3,3,3,3,3,3,1,3,1,3,3,3,1,3
323,Thursday,Male,21-25 yr,Basket,2,1,1,1,1,1,5,4,2,5,5,3,4,2,2,5,4,4,4,1,1,1
324,Thursday,Female,31-35 yr,Trolley,2,1,1,1,1,1,4,4,1,4,4,4,2,5,2,5,4,4,3,3,4,4
325,Friday,Female,46-50 yr,Basket,3,2,2,2,1,2,2,3,4,4,3,3,3,3,2,4,3,3,3,3,3,4
326,Saturday,Male,31-35 yr,Basket,3,2,3,3,3,3,3,2,2,4,4,4,4,4,4,3,2,4,4,4,4,3
327,Thursday,Male,21-25 yr,Arms,4,3,3,4,3,3,3,3,2,3,4,3,3,3,2,4,4,5,4,2,3,3
328,Saturday,Female,31-35 yr,Cart,1,1,3,3,1,2,1,1,1,1,1,1,5,4,3,1,1,3,3,1,1,1
329,Saturday,Female,16-20 yr,Basket,2,1,2,4,4,4,1,2,1,3,2,3,5,4,3,4,4,2,4,3,4,5
330,Wednesday,Male,61-65 yr,Cart,2,2,2,3,3,3,4,2,2,4,3,4,4,4,4,3,4,4,4,2,2,2
331,Thursday,Female,26-30 yr,Trolley,2,2,2,4,3,4,2,3,3,2,2,4,4,4,3,3,2,4,3,3,3,2
332,Tuesday,Female,36-40 yr,Trolley,1,1,1,4,4,4,3,4,4,4,4,4,3,3,2,4,3,4,4,1,1,1
333,Monday,Female,36-40 yr,Cart,4,3,4,3,3,2,4,3,4,4,4,3,4,3,2,5,3,4,4,1,2,2
334,Thursday,Female,46-50 yr,Cart,3,2,2,3,1,2,2,2,2,3,3,4,4,4,3,4,2,3,3,2,2,2
335,Tuesday,Female,21-25 yr,Basket,3,3,3,2,2,2,3,4,4,1,1,3,2,2,3,3,2,2,4,2,2,3
336,Wednesday,Female,46-50 yr,Arms,4,3,2,2,1,1,3,2,3,3,3,3,2,2,2,2,2,3,3,4,3,3
337,Saturday,Female,31-35 yr,Trolley,4,2,3,4,3,4,4,4,2,4,3,3,2,2,1,3,2,4,4,1,1,1
338,Friday,Male,26-30 yr,Arms,1,1,1,2,1,1,1,2,1,2,2,2,4,4,3,3,3,3,3,1,1,1
339,Thursday,Male,26-30 yr,Basket,3,2,3,2,2,2,3,2,2,1,1,1,2,3,2,1,3,1,1,2,2,2
340,Friday,Male,41-45 yr,Cart,1,1,1,2,1,3,1,4,4,5,5,5,4,4,3,3,3,1,1,2,2,1
341,Saturday,Male,16-20 yr,Trolley,1,2,1,2,1,1,1,1,1,3,4,2,2,2,2,3,4,3,3,1,1,2
342,Saturday,Male,31-35 yr,Cart,1,1,1,1,1,1,4,1,5,2,2,2,5,5,3,2,2,1,5,1,1,1
343,Friday,Female,41-45 yr,Basket,1,1,1,3,3,3,5,3,3,3,3,1,4,3,4,4,4,4,4,3,3,1
344,Friday,Male,31-35 yr,Cart,3,2,2,3,2,3,2,2,2,5,4,5,3,2,2,4,3,4,4,2,2,2
345,Friday,Male,56-60 yr,Cart,4,2,3,2,2,2,2,2,2,4,4,4,2,2,2,4,2,2,2,2,2,2
346,Thursday,Female,16-20 yr,Arms,2,3,2,3,3,3,2,3,3,3,3,4,2,4,3,4,3,4,4,3,2,2
347,Tuesday,Female,26-30 yr,Trolley,4,4,4,4,3,3,2,2,2,4,3,3,2,3,1,4,4,5,4,2,2,2
348,Thursday,Male,46-50 yr,Basket,2,2,2,3,1,2,1,2,2,2,2,3,3,2,2,3,2,3,3,1,1,2
349,Thursday,Male,31-35 yr,Basket,3,2,2,2,2,2,2,2,2,3,3,3,1,3,3,3,3,3,1,3,3,3
350,Wednesday,Male,21-25 yr,Trolley,4,3,2,2,2,2,4,3,2,4,4,5,1,1,1,3,3,4,4,2,3,3
351,Saturday,Female,16-20 yr,Arms,2,3,3,2,2,2,4,2,3,3,4,4,3,4,3,3,4,2,2,2,2,4
352,Saturday,Female,16-20 yr,Basket,3,3,3,5,5,5,2,4,2,4,4,4,5,5,2,2,2,3,4,5,4,4
353,Friday,Male,16-20 yr,Basket,4,2,2,4,4,4,2,2,2,4,4,4,2,2,2,2,3,4,4,3,2,4
354,Saturday,Male,46-50 yr,Trolley,3,2,4,2,1,1,3,2,2,4,3,3,4,4,2,3,3,4,4,1,1,1
355,Thursday,Male,21-25 yr,Basket,1,3,1,3,1,4,2,2,2,4,4,2,3,4,2,4,4,4,4,3,4,2
356,Thursday,Male,41-45 yr,Basket,4,4,5,3,2,3,3,4,3,4,4,4,5,5,3,5,3,5,5,3,3,4
357,Friday,Male,21-25 yr,Arms,1,2,1,3,3,3,2,3,4,4,4,4,2,4,2,4,2,1,2,3,2,2
358,Saturday,Female,21-25 yr,Basket,3,3,3,3,3,3,3,2,3,3,3,3,4,4,4,4,3,3,4,3,4,4
359,Tuesday,Male,16-20 yr,Trolley,2,2,3,2,2,2,2,2,4,4,3,2,5,4,2,4,4,4,3,4,3,3
360,Friday,Female,16-20 yr,Basket,1,3,1,4,4,4,1,2,1,3,3,3,3,3,3,4,3,4,3,4,4,4
361,Friday,Male,21-25 yr,Arms,3,3,3,3,2,2,2,2,3,4,4,4,3,2,3,3,3,4,4,4,3,3
362,Wednesday,Male,16-20 yr,Trolley,5,5,4,4,4,3,1,5,1,4,4,4,4,4,3,5,2,1,1,3,3,5
363,Wednesday,Female,16-20 yr,Arms,1,1,3,3,1,4,4,2,2,3,1,2,4,2,2,3,5,5,5,2,3,3
364,Thursday,Male,16-20 yr,Basket,2,1,2,4,2,3,4,5,3,4,4,4,4,3,2,4,4,4,4,2,3,4
365,Thursday,Female,16-20 yr,Trolley,4,4,4,5,3,5,2,2,3,5,4,5,2,4,1,2,2,4,4,4,3,5
366,Friday,Female,21-25 yr,Trolley,1,1,1,4,3,4,3,4,3,2,2,2,5,4,4,4,3,2,3,3,1,4
367,Wednesday,Female,21-25 yr,Basket,4,4,4,4,4,4,2,2,3,3,4,3,4,5,4,4,3,4,3,4,4,3
368,Wednesday,Female,21-25 yr,Cart,4,3,4,4,3,3,3,4,3,4,3,4,4,4,4,3,3,3,4,3,3,3
369,Saturday,Female,16-20 yr,Trolley,2,1,1,4,3,4,2,2,3,2,2,2,4,3,2,3,4,2,4,2,2,3
370,Wednesday,Female,16-20 yr,Basket,2,3,2,5,4,5,4,3,3,4,3,3,3,2,3,5,3,4,4,3,2,4
371,Wednesday,Female,21-25 yr,Trolley,4,2,4,4,2,4,2,2,3,4,3,3,4,4,2,2,2,4,4,4,4,4
372,Wednesday,Female,21-25 yr,Arms,2,1,2,4,3,4,2,3,3,2,2,3,3,4,3,2,4,4,4,3,2,3
373,Friday,Male,21-25 yr,Trolley,1,2,2,1,1,1,2,2,2,2,2,1,2,3,1,5,4,4,4,1,1,1
374,Saturday,Female,16-20 yr,Basket,3,4,3,5,4,4,4,4,4,4,4,4,4,4,3,3,4,4,5,4,4,5
375,Saturday,Male,36-40 yr,Basket,4,3,4,2,2,3,4,2,3,3,3,4,5,5,3,4,1,4,3,4,3,3
376,Thursday,Female,46-50 yr,Cart,2,2,2,4,2,4,4,4,2,4,2,2,4,2,2,4,2,4,4,1,2,2
377,Friday,Male,31-35 yr,Basket,1,1,1,1,1,3,3,2,1,4,3,2,5,5,2,4,2,4,4,2,3,3
378,Monday,Female,21-25 yr,Trolley,4,3,4,5,5,5,4,4,2,5,4,4,5,5,4,5,3,5,4,5,4,5
379,Saturday,Female,21-25 yr,Basket,1,2,2,4,2,1,3,2,2,2,2,2,4,4,2,2,2,4,4,2,2,4
380,Wednesday,Male,16-20 yr,Basket,4,4,4,4,3,3,4,4,2,4,3,3,3,3,4,2,2,4,4,3,4,4
381,Tuesday,Male,21-25 yr,Arms,4,5,4,3,2,3,3,3,2,3,4,4,4,4,4,2,2,4,4,3,3,3
382,Saturday,Male,56-60 yr,Trolley,3,3,3,2,2,3,4,4,3,4,4,4,3,3,2,3,3,4,2,4,2,3
383,Wednesday,Male,16-20 yr,Trolley,1,1,1,3,3,3,3,4,4,5,5,4,4,4,3,3,2,2,2,3,2,1
384,Monday,Male,21-25 yr,Basket,4,3,4,2,2,1,2,3,1,4,4,4,2,1,2,4,3,3,4,3,2,3
385,Monday,Male,21-25 yr,Basket,1,3,1,4,1,4,3,3,2,3,2,2,4,3,4,2,3,2,2,3,2,4
386,Monday,Female,21-25 yr,Cart,1,1,1,5,5,3,3,3,2,4,4,2,4,4,4,2,2,4,2,4,4,4
387,Monday,Male,41-45 yr,Basket,3,1,1,2,1,3,2,2,3,4,3,4,5,5,3,3,3,4,4,1,1,2
388,Wednesday,Female,51-55 yr,Trolley,2,3,2,2,3,2,4,4,3,3,2,3,4,3,3,3,2,2,3,3,2,2
389,Tuesday,Male,26-30 yr,Cart,3,1,1,2,2,2,1,1,1,4,3,3,4,3,2,1,2,4,4,3,3,2
390,Tuesday,Male,26-30 yr,Cart,3,1,4,1,1,1,1,1,1,3,3,3,4,2,1,1,2,4,4,2,2,2
391,Wednesday,Male,21-25 yr,Arms,3,5,3,1,1,1,5,5,3,5,5,5,5,5,4,3,4,4,5,1,1,1
392,Wednesday,Male,31-35 yr,Arms,2,2,2,1,1,1,2,2,4,4,4,4,2,2,1,4,2,4,4,2,1,2
393,Wednesday,Female,21-25 yr,Basket,2,1,1,2,1,1,3,4,4,3,2,2,2,2,2,4,4,4,4,1,1,4
394,Saturday,Female,21-25 yr,Trolley,1,2,1,1,1,1,4,4,4,4,3,4,2,2,2,3,3,2,4,1,1,1
395,Saturday,Male,26-30 yr,Trolley,3,3,3,1,1,1,2,3,1,4,3,4,4,3,2,4,1,4,4,3,2,3
396,Friday,Male,41-45 yr,Trolley,3,2,3,3,3,3,3,2,2,1,1,1,3,3,2,3,3,3,3,3,3,3
397,Saturday,Female,21-25 yr,Cart,1,3,3,3,2,3,4,3,2,4,4,4,2,3,2,4,3,4,5,2,3,3
398,Thursday,Female,46-50 yr,Cart,2,2,1,2,2,2,2,4,3,2,1,2,4,4,2,4,4,4,3,1,1,1
399,Saturday,Female,41-45 yr,Cart,3,2,2,2,1,2,3,3,2,2,2,2,3,2,3,2,2,3,3,3,3,3
400,Friday,Female,16-20 yr,Arms,1,2,2,4,4,4,4,3,4,3,3,3,5,5,5,4,4,4,4,4,2,2
401,Saturday,Male,21-25 yr,Arms,1,2,1,1,1,1,1,1,1,2,2,2,4,3,2,4,3,3,4,1,1,2
402,Wednesday,Male,21-25 yr,Arms,3,4,3,3,1,3,1,2,1,3,4,4,2,4,2,3,3,3,3,3,4,4
403,Thursday,Male,21-25 yr,Cart,3,1,4,4,2,4,1,2,1,4,3,4,1,1,1,5,4,4,4,1,1,1
404,Thursday,Female,16-20 yr,Arms,4,3,4,4,4,4,4,4,3,4,2,3,4,3,4,3,2,4,4,4,4,4
405,Friday,Male,51-55 yr,Basket,3,3,3,3,2,2,3,4,2,3,5,5,2,2,2,4,3,4,4,3,2,3
406,Saturday,Female,21-25 yr,Basket,1,2,2,2,3,2,2,2,3,3,3,2,3,3,3,3,3,3,3,2,2,2
407,Saturday,Male,21-25 yr,Basket,3,3,3,2,2,1,2,2,2,4,3,2,3,3,2,3,2,4,3,3,1,3
408,Monday,Female,46-50 yr,Cart,1,1,1,2,1,3,2,2,2,3,3,3,2,3,3,2,3,3,4,1,2,3
409,Monday,Female,51-55 yr,Cart,2,2,2,4,3,4,2,2,3,3,3,3,3,4,3,3,3,3,3,5,5,3
410,Saturday,Male,21-25 yr,Basket,4,4,3,4,1,4,2,2,1,3,4,4,3,4,2,4,2,4,3,4,2,3
411,Saturday,Male,36-40 yr,Basket,2,3,2,3,3,3,5,3,4,2,3,3,4,4,4,4,3,3,3,4,3,3
412,Friday,Female,31-35 yr,Trolley,3,3,3,3,2,1,2,3,2,4,3,4,4,3,2,3,4,2,3,5,5,4
413,Saturday,Female,46-50 yr,Cart,3,2,2,4,3,4,4,3,3,4,4,3,4,4,3,2,3,4,3,4,4,4
414,Monday,Male,16-20 yr,Trolley,3,2,3,4,2,2,4,3,3,2,3,2,4,2,2,3,2,2,3,2,2,2
415,Monday,Female,26-30 yr,Cart,3,3,4,5,5,4,1,2,2,5,5,4,4,4,3,4,3,1,4,2,1,1
416,Saturday,Male,46-50 yr,Cart,5,3,4,4,3,4,1,2,2,4,5,3,4,2,2,4,2,5,4,3,3,4
417,Friday,Male,21-25 yr,Trolley,1,2,3,3,2,1,3,2,1,3,3,2,3,4,1,4,3,4,4,3,3,4
418,Thursday,Male,41-45 yr,Basket,3,3,3,2,1,2,3,2,3,4,4,3,3,3,2,4,3,3,3,1,1,1
419,Saturday,Female,16-20 yr,Arms,3,3,3,3,4,4,3,4,3,3,4,3,5,4,5,4,4,5,5,5,5,5
420,Friday,Male,21-25 yr,Basket,4,3,4,4,2,4,5,2,3,3,2,3,4,5,2,5,3,4,4,3,4,3
421,Saturday,Female,36-40 yr,Cart,4,2,4,2,2,2,3,2,3,4,4,4,2,2,2,5,3,4,2,1,1,1
422,Saturday,Male,16-20 yr,Cart,3,4,3,5,3,4,1,1,1,3,4,4,3,3,5,5,3,5,3,5,5,3
423,Saturday,Female,21-25 yr,Trolley,1,2,1,4,3,4,2,2,1,4,4,4,5,4,4,2,2,5,5,4,4,4
424,Thursday,Female,21-25 yr,Trolley,3,4,3,5,3,4,3,4,2,4,4,4,2,2,2,2,2,4,4,5,4,4
425,Wednesday,Female,21-25 yr,Basket,3,2,3,4,3,3,5,3,3,4,4,4,3,3,2,4,4,5,4,3,3,3
426,Saturday,Female,21-25 yr,Cart,2,4,4,5,5,5,3,4,2,3,2,2,4,4,4,4,3,2,4,4,3,4
427,Saturday,Female,21-25 yr,Trolley,4,5,4,5,4,5,4,4,4,5,4,4,4,3,2,2,2,5,5,5,4,5
428,Friday,Male,21-25 yr,Basket,4,2,2,3,2,4,1,1,1,4,4,4,4,4,4,4,3,4,3,2,3,3
429,Saturday,Female,21-25 yr,Cart,4,4,4,4,4,4,3,2,1,5,5,5,1,1,2,2,3,4,5,5,4,5
430,Thursday,Female,21-25 yr,Trolley,2,2,2,5,5,5,1,2,2,2,2,2,3,2,2,2,2,4,4,4,4,4
431,Thursday,Female,51-55 yr,Arms,3,3,3,3,3,3,2,2,2,3,3,3,3,3,3,3,3,3,2,3,3,3
432,Monday,Female,21-25 yr,Basket,1,1,1,5,1,5,1,1,5,5,1,1,5,1,1,5,1,4,5,5,5,1
433,Monday,Female,16-20 yr,Trolley,2,1,1,3,2,4,4,3,2,2,2,2,5,4,4,4,3,4,3,4,4,4
434,Tuesday,Male,21-25 yr,Basket,4,4,3,2,1,2,3,1,3,4,4,5,5,5,3,3,3,5,5,5,2,3
435,Monday,Female,21-25 yr,Trolley,1,2,1,5,2,4,3,2,1,4,5,4,5,5,4,2,2,4,4,4,4,4
436,Monday,Female,21-25 yr,Trolley,3,3,3,3,2,4,4,2,2,3,3,4,2,3,4,2,2,4,4,4,4,3
437,Tuesday,Female,26-30 yr,Basket,4,1,5,2,1,1,4,1,1,4,5,5,1,1,1,2,1,5,2,4,4,4
438,Tuesday,Female,21-25 yr,Basket,2,2,2,5,3,5,2,1,2,3,2,2,4,4,2,2,3,3,2,4,4,4
440,Friday,Male,51-55 yr,Cart,4,4,4,3,3,3,2,2,2,5,4,5,2,3,1,3,2,4,3,3,3,4
441,Saturday,Female,21-25 yr,Basket,1,1,2,4,4,4,2,3,3,3,3,3,3,3,4,3,3,3,3,3,2,2
442,Saturday,Female,26-30 yr,Trolley,2,2,1,3,3,3,3,3,3,2,2,2,3,3,3,3,3,2,2,3,3,3
443,Saturday,Male,26-30 yr,Basket,2,2,2,1,1,1,2,2,1,4,2,4,4,4,2,4,2,2,4,1,1,2
444,Monday,Female,36-40 yr,Trolley,3,2,3,3,3,3,3,3,2,3,2,2,3,3,3,2,2,3,3,2,2,2
445,Monday,Male,26-30 yr,Trolley,4,3,3,2,2,2,4,4,3,3,2,3,4,4,2,4,3,4,4,2,2,3
446,Tuesday,Female,36-40 yr,Trolley,3,2,3,4,3,3,2,4,2,3,2,2,5,4,4,2,3,4,3,1,2,2
447,Tuesday,Female,21-25 yr,Trolley,3,4,2,5,4,5,4,3,3,4,3,4,4,5,4,3,2,5,4,4,4,4
448,Tuesday,Male,16-20 yr,Arms,4,4,3,4,1,4,2,1,2,4,4,5,3,2,3,4,4,3,2,3,2,4
449,Saturday,Male,21-25 yr,Arms,4,2,3,3,3,4,4,4,3,4,3,3,5,4,5,3,3,3,3,3,3,3
450,Friday,Male,36-40 yr,Cart,1,1,1,3,2,1,2,2,1,4,5,5,1,1,1,4,4,5,5,1,1,1
451,Saturday,Male,21-25 yr,Trolley,4,3,3,3,4,1,3,3,2,4,4,3,3,2,1,4,3,4,2,3,1,1
452,Tuesday,Male,21-25 yr,Arms,2,2,3,3,2,2,3,2,2,4,3,4,4,3,2,4,3,3,4,2,2,2
453,Monday,Female,21-25 yr,Cart,1,1,1,5,3,4,3,4,2,4,3,3,3,2,2,4,3,5,5,4,1,3
454,Tuesday,Male,21-25 yr,Trolley,4,4,4,2,2,2,2,3,1,5,4,4,2,3,1,3,3,2,2,4,4,4
455,Saturday,Male,21-25 yr,Trolley,3,2,4,4,4,3,4,4,3,2,3,4,2,1,1,4,2,3,4,2,2,2
456,Saturday,Male,21-25 yr,Basket,4,3,5,4,3,3,3,2,1,5,4,3,5,5,4,2,2,5,5,5,5,4
457,Tuesday,Female,26-30 yr,Trolley,4,2,2,4,4,3,4,3,3,3,4,3,3,3,2,4,3,4,4,2,2,3
458,Tuesday,Female,16-20 yr,Basket,3,2,3,5,5,5,1,1,3,4,4,5,4,4,5,1,1,5,5,4,5,4
459,Monday,Female,16-20 yr,Trolley,4,4,4,4,4,4,4,4,3,5,5,4,5,5,4,5,2,4,4,2,2,4
460,Monday,Male,21-25 yr,Basket,5,4,5,4,4,5,2,1,2,5,5,5,4,5,2,1,1,5,5,1,1,2
461,Tuesday,Female,41-45 yr,Basket,4,3,3,4,4,4,2,2,2,4,4,4,4,4,3,3,2,4,3,3,2,3
462,Monday,Male,46-50 yr,Trolley,1,1,2,3,2,3,2,2,1,3,4,3,4,2,1,3,3,3,3,1,1,3
463,Monday,Female,46-50 yr,Basket,2,2,2,3,3,3,3,2,2,4,3,3,4,4,3,4,4,3,3,3,3,2
464,Tuesday,Male,16-20 yr,Basket,3,2,3,4,2,2,2,3,2,4,3,4,3,3,2,5,4,4,3,4,3,4
465,Tuesday,Male,21-25 yr,Trolley,5,4,4,5,4,4,2,4,4,5,4,5,5,5,5,5,2,5,5,3,3,5
466,Saturday,Male,51-55 yr,Arms,4,3,3,2,2,2,2,3,2,4,4,4,2,3,2,2,1,4,4,2,3,3
467,Tuesday,Male,31-35 yr,Cart,4,3,3,4,3,2,3,3,3,4,3,4,2,2,2,3,3,3,3,4,4,4
468,Friday,Male,21-25 yr,Trolley,1,1,1,1,1,1,1,1,1,1,1,1,1,1,1,1,1,1,1,1,1,1
469,Friday,Male,21-25 yr,Basket,2,3,1,3,3,2,2,1,2,3,1,1,3,3,2,1,1,2,2,2,2,3
470,Friday,Male,21-25 yr,Basket,4,2,3,5,4,5,2,3,2,3,4,3,4,4,4,4,3,5,4,2,2,3
471,Tuesday,Female,21-25 yr,Trolley,3,2,2,3,2,4,2,4,3,3,3,3,2,2,3,4,4,2,4,4,3,4
472,Saturday,Female,21-25 yr,Basket,3,2,3,4,2,3,2,4,2,3,4,3,4,3,2,3,3,4,3,3,3,2
473,Tuesday,Male,21-25 yr,Cart,2,2,2,4,2,2,2,3,2,3,3,3,4,4,3,4,3,4,4,4,2,3
474,Monday,Male,21-25 yr,Basket,5,5,5,1,1,1,1,1,1,5,4,5,1,5,1,1,1,5,5,1,1,1
475,Thursday,Male,21-25 yr,Arms,3,2,4,3,3,4,3,1,1,5,5,4,3,4,2,3,1,4,3,3,3,3
476,Tuesday,Female,21-25 yr,Trolley,2,2,2,4,3,4,4,3,4,4,3,3,4,4,4,4,4,3,2,3,3,2
477,Tuesday,Male,21-25 yr,Arms,2,2,3,3,2,3,1,2,3,3,2,2,3,4,4,5,3,5,3,3,4,4
478,Friday,Male,26-30 yr,Arms,4,4,4,2,1,1,3,3,2,4,4,4,2,3,3,4,3,4,4,2,1,4
479,Tuesday,Female,16-20 yr,Arms,3,3,3,4,5,4,3,2,3,4,3,4,4,4,3,3,3,5,4,5,5,4
480,Monday,Male,16-20 yr,Trolley,3,1,1,2,2,2,1,1,1,4,3,3,3,2,2,4,4,1,3,1,1,2
481,Wednesday,Male,21-25 yr,Basket,3,4,3,3,3,4,2,4,2,4,4,4,4,4,2,4,4,4,4,3,4,4
482,Tuesday,Female,21-25 yr,Basket,2,3,3,3,3,2,2,2,2,4,4,4,4,3,3,2,3,3,4,2,2,4
483,Monday,Male,21-25 yr,Basket,2,3,2,1,1,1,2,2,2,4,4,3,3,2,4,3,3,2,2,1,1,1
484,Tuesday,Female,21-25 yr,Arms,2,1,2,4,1,4,1,2,1,3,2,2,2,3,2,5,5,4,5,3,2,3
485,Friday,Female,21-25 yr,Arms,1,3,1,2,2,2,4,2,2,5,3,3,5,3,3,4,4,4,4,1,1,3
486,Saturday,Female,26-30 yr,Arms,2,4,3,5,5,5,1,1,1,4,3,3,4,4,2,2,1,2,3,5,5,5
487,Saturday,Female,21-25 yr,Basket,1,1,1,1,1,1,5,2,2,2,2,2,2,2,2,3,3,5,4,1,1,1
488,Tuesday,Female,26-30 yr,Basket,3,1,2,5,4,4,2,1,2,5,4,5,2,2,2,4,3,4,3,5,4,5
489,Friday,Female,56-60 yr,Cart,2,2,2,2,2,2,5,4,4,2,2,3,2,2,2,4,4,2,4,1,2,2
490,Tuesday,Female,21-25 yr,Basket,3,1,3,3,2,1,2,2,1,4,4,4,2,2,2,4,4,3,3,2,2,2
491,Monday,Female,21-25 yr,Cart,2,2,2,2,2,2,2,2,2,3,3,3,3,3,3,3,1,3,1,2,2,2
492,Monday,Female,16-20 yr,Basket,3,2,2,3,2,4,2,2,2,3,3,4,2,2,1,4,3,4,3,3,3,3
493,Monday,Male,26-30 yr,Cart,1,2,2,2,2,2,3,2,2,1,1,2,3,3,2,1,3,1,1,2,2,3
494,Saturday,Male,21-25 yr,Arms,1,1,1,1,1,1,3,3,2,5,4,4,4,4,2,4,4,3,4,1,1,1
495,Monday,Female,21-25 yr,Trolley,1,1,1,2,1,1,2,2,1,1,1,2,3,3,1,3,2,2,3,2,2,2
496,Tuesday,Male,36-40 yr,Basket,4,4,3,2,2,2,4,2,3,3,2,2,2,2,2,2,3,4,4,2,2,2
497,Tuesday,Female,21-25 yr,Trolley,3,3,2,5,4,4,3,3,4,4,4,4,3,4,2,3,4,3,4,3,3,4
498,Monday,Male,21-25 yr,Arms,2,2,1,1,1,1,2,2,1,2,5,2,4,3,4,3,3,3,3,1,3,3
499,Monday,Male,21-25 yr,Arms,2,3,2,3,2,3,2,2,2,2,2,2,1,1,2,2,2,1,2,2,2,2
500,Monday,Male,21-25 yr,Basket,1,3,1,4,3,4,1,3,2,2,2,2,3,3,2,4,4,2,3,1,1,2
501,Friday,Female,21-25 yr,Basket,3,3,3,5,4,4,2,2,2,4,4,3,5,5,3,4,3,4,4,3,3,4
502,Saturday,Male,21-25 yr,Trolley,3,3,2,2,2,4,2,2,2,5,3,5,2,2,4,2,2,5,4,3,2,5
503,Saturday,Female,26-30 yr,Trolley,4,3,3,4,2,3,2,2,2,3,3,3,4,3,2,1,1,4,3,3,2,2
504,Saturday,Female,51-55 yr,Trolley,2,2,2,3,2,2,4,2,4,4,4,4,5,3,2,2,2,2,3,3,3,3
505,Friday,Female,51-55 yr,Trolley,2,2,2,3,2,2,4,2,4,4,4,4,5,3,2,2,2,2,3,3,3,3
506,Monday,Female,41-45 yr,Trolley,2,1,2,4,1,3,4,2,2,2,2,2,3,4,2,2,4,2,2,4,4,3
507,Monday,Female,26-30 yr,Trolley,3,2,2,5,4,5,2,3,1,4,3,4,3,4,3,5,3,2,3,1,1,3
508,Monday,Female,16-20 yr,Cart,4,4,4,5,5,5,3,4,2,5,5,5,5,1,1,1,1,5,4,5,3,5
509,Wednesday,Female,31-35 yr,Basket,1,1,1,5,3,3,1,2,2,4,4,4,5,5,3,3,3,4,2,3,3,4
510,Wednesday,Male,36-40 yr,Trolley,3,2,2,3,2,2,4,4,3,4,4,4,2,3,2,4,3,3,4,2,2,2
511,Wednesday,Female,16-20 yr,Arms,2,2,2,5,5,5,4,1,3,2,1,3,5,5,4,5,3,4,4,2,3,5
512,Tuesday,Female,16-20 yr,Basket,3,2,4,4,4,4,2,2,2,4,4,4,4,4,3,4,2,4,3,5,4,4
513,Tuesday,Female,16-20 yr,Basket,4,1,4,4,4,3,4,2,4,5,3,4,4,4,4,4,3,4,4,4,3,2
514,Monday,Female,16-20 yr,Basket,1,1,2,3,1,4,3,4,2,4,4,5,3,2,2,5,5,4,4,1,1,1
515,Tuesday,Male,16-20 yr,Arms,3,1,3,3,3,2,3,2,2,1,3,3,1,1,1,3,3,1,1,2,2,2
516,Wednesday,Female,51-55 yr,Trolley,2,2,2,2,2,2,2,2,2,5,5,5,3,2,2,3,2,2,2,1,1,1
517,Tuesday,Male,31-35 yr,Basket,2,2,2,1,1,1,3,2,2,2,2,2,2,3,2,3,3,3,2,2,1,2
518,Monday,Female,21-25 yr,Basket,2,2,2,2,2,3,1,1,2,1,1,1,1,3,1,1,1,1,1,1,2,1
519,Tuesday,Female,21-25 yr,Arms,2,3,2,3,2,3,3,4,4,4,4,3,2,2,3,3,2,4,4,4,2,3
520,Wednesday,Male,21-25 yr,Basket,3,3,2,4,4,3,2,3,3,3,2,2,4,4,2,4,3,4,3,4,4,5
521,Tuesday,Female,51-55 yr,Arms,2,1,3,4,1,1,2,1,1,4,4,5,2,4,2,5,3,4,3,1,1,1
522,Saturday,Female,21-25 yr,Basket,2,1,1,4,3,5,3,2,2,3,3,3,4,3,2,3,4,4,4,3,2,3
523,Tuesday,Male,21-25 yr,Trolley,5,2,3,1,1,1,1,1,3,4,3,4,5,5,5,4,1,4,3,1,1,2
524,Wednesday,Female,21-25 yr,Arms,3,3,1,4,4,4,5,5,4,3,1,1,5,3,2,3,3,1,3,2,3,3
525,Monday,Male,26-30 yr,Basket,1,1,1,3,3,2,1,1,1,2,1,2,5,5,5,4,2,4,3,1,1,1
526,Tuesday,Male,21-25 yr,Trolley,1,2,1,4,4,2,1,1,1,5,4,5,4,4,2,3,4,4,3,3,3,3
527,Wednesday,Male,21-25 yr,Arms,3,3,3,2,2,2,3,3,3,3,3,3,2,2,2,2,2,3,3,4,4,4
528,Tuesday,Male,21-25 yr,Basket,3,2,2,1,1,1,1,3,1,2,2,2,1,1,5,1,4,2,1,4,2,2
529,Monday,Male,21-25 yr,Arms,3,3,2,4,2,4,3,3,4,4,2,3,4,4,4,5,4,3,4,4,2,2
530,Tuesday,Female,51-55 yr,Trolley,2,2,2,2,2,2,3,3,3,3,2,2,3,3,3,3,3,4,4,2,2,2
531,Wednesday,Male,56-60 yr,Cart,4,3,3,4,2,2,4,2,2,4,3,4,2,2,1,3,4,4,4,2,3,3
532,Saturday,Female,21-25 yr,Trolley,2,3,2,3,2,4,4,4,2,3,3,3,4,4,2,5,3,4,3,3,4,3
533,Saturday,Female,21-25 yr,Basket,2,3,2,4,4,4,3,3,1,5,4,4,3,2,1,4,3,2,2,3,4,3
534,Wednesday,Female,71-75 yr,Arms,5,5,5,5,5,5,1,2,1,1,2,5,1,2,1,1,1,1,2,5,5,5
535,Tuesday,Male,56-60 yr,Cart,3,3,3,3,2,2,3,3,2,3,3,3,3,3,2,3,3,3,2,3,3,3
536,Monday,Female,41-45 yr,Trolley,3,3,3,2,2,2,3,3,3,4,3,4,3,3,2,4,3,4,4,3,3,3
537,Monday,Male,21-25 yr,Arms,5,2,4,2,1,2,2,2,2,4,4,4,3,3,3,4,3,4,4,2,2,4
538,Wednesday,Male,31-35 yr,Trolley,2,4,2,2,2,2,4,2,2,2,2,2,4,4,3,2,2,2,4,2,2,2
539,Wednesday,Male,16-20 yr,Arms,4,3,4,4,2,2,2,2,2,3,3,4,2,3,1,4,3,4,4,3,2,4
540,Tuesday,Male,51-55 yr,Basket,3,1,3,1,1,1,2,3,1,3,3,3,3,2,1,5,3,4,3,2,2,2
541,Tuesday,Male,21-25 yr,Arms,3,3,3,3,3,3,3,3,3,3,4,4,3,5,3,3,3,4,4,3,4,5
542,Saturday,Male,21-25 yr,Cart,4,2,3,2,2,2,2,3,2,4,4,4,4,4,4,2,2,4,4,3,3,3
543,Friday,Female,46-50 yr,Basket,2,2,2,3,2,3,4,4,3,4,4,3,3,3,3,4,4,3,3,2,2,2
544,Saturday,Male,56-60 yr,Basket,3,3,3,3,1,2,2,2,2,4,4,3,4,3,3,3,3,3,4,2,2,2
545,Tuesday,Male,16-20 yr,Trolley,4,2,4,4,2,4,2,2,2,4,3,3,3,2,3,5,2,3,3,5,3,3
546,Wednesday,Male,21-25 yr,Arms,2,2,1,4,2,3,1,1,1,5,4,5,4,4,1,2,1,5,4,4,3,4
547,Thursday,Female,46-50 yr,Trolley,4,2,4,2,1,1,4,4,2,4,4,2,3,2,2,3,2,3,3,3,4,3
548,Wednesday,Male,21-25 yr,Basket,2,2,2,4,1,4,1,1,1,4,4,2,3,4,2,3,4,5,4,2,4,2
549,Tuesday,Male,21-25 yr,Trolley,4,4,4,2,1,2,2,2,2,4,4,3,2,4,2,3,3,2,4,1,1,1
550,Wednesday,Female,21-25 yr,Basket,1,1,1,4,1,4,1,1,1,5,5,5,1,4,1,5,5,4,4,4,2,4
551,Tuesday,Male,16-20 yr,Trolley,3,2,2,2,2,3,3,3,1,3,1,3,2,2,2,1,1,2,3,3,2,2
552,Wednesday,Female,16-20 yr,Trolley,2,3,4,4,3,4,5,5,3,4,4,4,2,2,2,2,2,4,4,2,2,4
553,Wednesday,Female,21-25 yr,Basket,1,3,1,5,5,5,4,3,2,4,3,3,5,5,3,4,3,3,4,4,3,3
554,Thursday,Female,16-20 yr,Arms,3,2,2,2,1,1,2,2,2,4,2,2,3,3,2,4,3,4,4,4,2,4
555,Thursday,Male,21-25 yr,Trolley,4,3,3,2,2,2,3,3,3,3,3,3,3,4,3,4,3,3,3,4,3,4
556,Thursday,Female,16-20 yr,Trolley,1,1,1,2,1,2,4,2,1,2,4,3,2,2,4,4,3,3,4,2,2,2
557,Tuesday,Female,31-35 yr,Trolley,3,2,2,3,3,3,2,2,2,4,4,4,3,3,3,2,2,4,3,4,4,3
558,Monday,Female,21-25 yr,Arms,4,2,4,5,4,4,2,1,2,5,4,4,2,2,3,3,2,5,5,4,3,3
559,Tuesday,Female,21-25 yr,Basket,2,1,1,4,3,4,2,2,2,4,4,4,2,4,2,4,4,4,4,3,4,3
560,Wednesday,Male,16-20 yr,Trolley,4,4,4,2,1,1,3,3,2,5,5,5,2,2,2,5,3,4,4,4,3,4
561,Wednesday,Male,21-25 yr,Basket,2,3,2,4,3,3,1,2,2,4,3,3,2,2,3,3,4,2,2,3,3,4
562,Tuesday,Female,21-25 yr,Trolley,3,2,2,3,3,3,3,4,3,4,4,4,4,4,4,5,4,4,4,3,2,3
563,Monday,Female,26-30 yr,Trolley,2,3,3,4,1,3,3,4,4,4,4,3,4,4,2,2,3,4,4,4,3,2
564,Tuesday,Female,46-50 yr,Cart,2,4,2,3,3,3,2,2,2,4,4,4,5,4,3,3,2,4,3,3,3,3
565,Wednesday,Female,61-65 yr,Trolley,2,1,1,3,2,3,2,2,2,2,1,1,3,3,2,3,3,3,3,2,1,1
566,Wednesday,Male,36-40 yr,Arms,4,4,2,3,3,2,2,2,2,4,5,4,4,2,1,4,3,4,3,2,2,2
567,Wednesday,Female,26-30 yr,Arms,4,2,2,4,4,4,2,4,3,5,4,4,3,4,3,4,4,5,4,3,2,2
568,Wednesday,Female,26-30 yr,Basket,2,2,3,3,2,3,3,2,3,3,4,3,4,4,4,4,3,4,3,3,4,4
569,Tuesday,Female,16-20 yr,Arms,4,4,5,3,4,3,3,3,4,5,4,4,3,3,4,5,3,5,5,5,4,4
571,Tuesday,Female,26-30 yr,Basket,4,1,1,4,4,4,2,2,4,4,3,2,2,2,2,4,3,4,4,2,3,4
572,Wednesday,Female,26-30 yr,Basket,1,3,2,4,2,4,2,2,2,5,5,5,3,3,3,5,3,4,3,4,3,4
573,Tuesday,Female,21-25 yr,Basket,3,2,2,2,1,2,2,2,1,5,5,5,3,3,2,4,4,4,4,3,2,1
574,Monday,Female,21-25 yr,Arms,2,3,3,5,5,3,3,3,2,3,3,3,5,4,3,5,3,3,3,3,2,2
575,Tuesday,Female,21-25 yr,Basket,2,4,1,2,2,4,1,2,1,4,4,4,2,1,1,4,3,3,4,3,2,3
576,Wednesday,Female,21-25 yr,Basket,1,3,2,4,3,4,4,2,2,3,4,4,4,4,4,4,2,5,5,2,2,4
577,Tuesday,Female,36-40 yr,Cart,2,2,4,4,2,2,2,2,1,2,2,2,4,4,2,4,2,4,4,2,2,4
578,Monday,Female,26-30 yr,Basket,2,2,1,1,1,1,2,2,2,5,5,4,4,5,4,3,4,3,3,1,1,3
579,Saturday,Female,16-20 yr,Trolley,1,1,1,4,4,4,3,3,2,3,4,4,5,5,1,5,5,5,5,1,1,1
580,Wednesday,Female,26-30 yr,Arms,2,3,2,4,3,4,4,2,2,3,4,3,4,4,4,3,2,2,3,4,4,3
581,Tuesday,Female,16-20 yr,Basket,2,1,1,3,3,4,4,2,4,3,4,3,2,2,2,2,4,3,3,2,3,3
582,Tuesday,Female,21-25 yr,Trolley,2,3,2,4,3,3,2,2,2,4,4,3,4,4,4,2,2,4,4,3,3,3
583,Wednesday,Male,21-25 yr,Arms,3,3,1,1,1,1,2,2,2,4,5,4,2,3,1,3,3,5,5,1,1,1
584,Thursday,Male,21-25 yr,Arms,3,4,4,4,2,2,2,2,2,4,4,4,2,2,2,2,2,4,4,4,3,4
585,Tuesday,Female,16-20 yr,Arms,1,1,1,4,3,4,2,2,2,2,3,4,4,4,3,4,4,3,4,4,3,4
586,Thursday,Female,26-30 yr,Trolley,2,2,3,3,2,3,3,2,2,4,4,4,4,4,2,4,2,3,4,3,3,3
587,Thursday,Male,56-60 yr,Trolley,3,1,1,3,1,1,4,4,2,4,4,4,2,1,3,2,3,3,4,3,3,1
588,Thursday,Female,16-20 yr,Trolley,2,3,2,4,4,4,4,3,4,3,3,3,4,4,4,5,5,4,3,2,2,2
589,Tuesday,Female,21-25 yr,Arms,3,2,3,4,3,4,3,2,2,3,3,4,4,4,5,4,3,4,4,3,2,4
590,Wednesday,Female,16-20 yr,Arms,1,1,1,3,3,3,4,4,2,3,3,3,4,4,2,3,3,3,4,2,2,2
591,Tuesday,Female,21-25 yr,Basket,1,1,1,4,4,4,4,4,4,3,3,3,4,4,4,4,2,4,3,4,5,5
592,Monday,Male,16-20 yr,Arms,2,3,3,2,2,2,2,2,1,4,4,4,4,4,2,2,2,4,4,2,1,2
593,Tuesday,Male,21-25 yr,Basket,5,4,5,3,3,3,2,2,2,5,4,5,3,3,2,3,2,5,5,3,4,5
594,Monday,Male,21-25 yr,Trolley,3,2,2,2,2,2,1,1,1,4,4,3,2,2,2,3,3,2,3,3,1,3
595,Tuesday,Female,26-30 yr,Trolley,1,2,1,3,3,2,3,2,3,3,3,3,3,4,3,2,2,4,4,3,3,2
597,Monday,Female,16-20 yr,Trolley,4,2,3,4,3,4,5,3,4,3,1,1,3,3,4,5,4,3,2,3,3,3
598,Monday,Male,16-20 yr,Arms,1,1,1,3,3,1,3,3,3,4,3,5,3,3,3,3,4,1,1,1,1,1
599,Thursday,Male,26-30 yr,Cart,4,1,4,3,1,4,2,3,1,4,1,4,4,4,2,2,1,4,4,3,4,3
600,Thursday,Male,26-30 yr,Basket,1,1,1,2,2,1,3,3,2,4,4,3,4,4,3,3,3,4,4,2,1,3
601,Thursday,Female,16-20 yr,Trolley,3,3,3,4,3,4,4,3,2,3,3,4,4,4,3,3,2,4,4,2,3,2
602,Thursday,Female,56-60 yr,Trolley,4,4,4,4,2,3,2,2,2,4,4,4,2,3,2,2,2,4,4,2,2,4
603,Saturday,Female,16-20 yr,Arms,4,2,2,2,1,3,4,1,2,4,2,2,4,2,2,3,1,5,5,2,2,3
605,Saturday,Male,56-60 yr,Cart,4,1,4,1,1,1,4,2,2,4,4,4,2,1,1,3,3,4,3,4,3,2
606,Wednesday,Male,16-20 yr,Arms,3,3,2,1,1,2,4,4,2,4,4,4,3,3,2,4,3,4,4,2,2,3
607,Tuesday,Male,16-20 yr,Arms,3,2,2,2,2,2,2,2,2,3,3,3,3,3,3,2,2,2,2,3,2,2
608,Saturday,Male,21-25 yr,Arms,2,3,2,3,3,3,3,3,1,4,4,4,3,3,3,3,3,4,4,4,3,3
609,Wednesday,Female,26-30 yr,Basket,1,1,1,4,3,3,4,2,3,2,3,2,4,4,3,4,4,3,4,2,3,4
610,Wednesday,Female,31-35 yr,Cart,1,1,1,3,2,4,4,4,4,4,3,3,2,2,2,4,3,4,4,3,2,2
611,Tuesday,Male,21-25 yr,Basket,3,3,3,3,3,3,3,3,3,3,3,3,3,3,3,3,3,3,3,3,3,3
612,Tuesday,Female,56-60 yr,Cart,2,3,2,3,2,4,4,2,3,4,3,4,4,4,2,2,3,1,2,3,2,2
613,Monday,Male,16-20 yr,Basket,3,1,3,3,2,3,4,4,4,5,5,2,2,4,3,3,3,3,4,3,2,3
614,Thursday,Female,16-20 yr,Basket,3,3,2,4,3,4,3,4,2,4,4,4,4,4,3,3,3,3,4,2,2,3
615,Monday,Male,16-20 yr,Basket,1,2,3,1,2,1,2,2,2,2,4,2,2,2,2,3,3,2,3,1,1,2
616,Tuesday,Male,21-25 yr,Trolley,4,3,3,4,2,3,2,2,1,3,3,3,3,3,2,5,2,2,3,3,3,3
617,Thursday,Female,16-20 yr,Basket,2,3,3,4,3,4,3,2,2,4,4,4,4,3,3,3,4,3,4,2,3,2
618,Tuesday,Male,16-20 yr,Trolley,2,3,4,2,2,2,4,3,2,2,3,2,3,2,3,5,5,2,2,2,2,2
619,Wednesday,Female,16-20 yr,Basket,3,3,3,5,5,4,4,3,3,4,4,4,4,4,5,3,2,4,4,3,5,5
620,Tuesday,Female,16-20 yr,Trolley,3,4,4,4,3,3,3,3,3,5,5,5,4,2,2,4,2,4,4,3,3,4
621,Monday,Female,51-55 yr,Cart,2,1,1,2,2,2,4,4,4,3,2,2,4,4,2,4,3,2,2,2,2,3
622,Thursday,Female,21-25 yr,Basket,4,3,3,4,4,3,2,2,2,3,4,4,2,2,2,4,4,3,3,4,4,4
623,Thursday,Male,26-30 yr,Arms,3,4,4,5,4,4,3,2,2,5,4,5,3,2,2,2,3,5,4,4,3,4
624,Wednesday,Female,41-45 yr,Arms,2,4,2,4,3,4,4,4,3,4,4,4,4,4,2,4,3,4,4,2,3,3
625,Tuesday,Female,31-35 yr,Cart,1,1,1,1,1,2,4,4,3,5,5,4,3,4,3,4,3,3,4,3,3,3
626,Tuesday,Female,21-25 yr,Trolley,3,3,3,2,2,2,4,4,3,4,3,3,4,3,4,3,3,4,4,2,2,1
628,Thursday,Female,21-25 yr,Arms,5,3,3,3,3,1,1,1,1,5,4,5,1,1,1,3,2,4,5,2,1,3
629,Thursday,Male,26-30 yr,Basket,3,1,2,2,1,1,1,1,1,2,2,3,1,1,1,1,2,2,2,1,1,1
630,Wednesday,Female,16-20 yr,Trolley,2,2,2,4,3,3,4,4,3,5,4,4,3,3,3,3,3,3,4,2,2,3
631,Thursday,Male,16-20 yr,Trolley,1,2,2,4,2,2,3,3,2,2,2,4,2,2,2,3,4,1,1,1,1,4
632,Wednesday,Male,51-55 yr,Cart,3,3,3,1,2,2,4,3,3,4,3,4,3,3,2,2,2,4,4,2,2,2
633,Wednesday,Female,21-25 yr,Trolley,3,3,3,1,3,2,4,4,3,4,2,2,3,3,3,3,4,2,2,3,2,2
634,Tuesday,Female,46-50 yr,Trolley,2,3,3,3,3,3,5,4,3,3,3,3,4,4,2,3,3,2,2,3,3,3
635,Wednesday,Male,61-65 yr,Basket,3,2,1,3,2,3,2,1,1,2,2,2,2,4,2,2,3,2,2,3,1,1
636,Wednesday,Male,31-35 yr,Trolley,1,1,1,3,1,3,2,2,2,4,4,4,2,2,2,3,2,2,2,1,1,1
637,Monday,Male,51-55 yr,Cart,4,4,4,2,2,2,2,1,4,4,4,4,4,4,2,4,4,3,3,3,2,4
638,Wednesday,Female,51-55 yr,Cart,3,5,3,4,3,4,2,2,2,4,4,4,2,2,2,2,2,5,4,3,3,4
639,Tuesday,Female,21-25 yr,Trolley,3,3,2,5,4,5,2,3,2,4,4,4,3,3,2,3,3,4,4,4,4,4
640,Wednesday,Female,26-30 yr,Basket,1,2,2,2,2,3,3,3,2,3,3,2,3,3,2,3,3,3,4,4,4,4
641,Friday,Male,51-55 yr,Basket,5,4,5,1,1,1,3,3,2,5,4,5,5,3,1,5,4,4,4,4,3,3
642,Wednesday,Male,71-75 yr,Basket,4,3,4,2,1,3,3,2,2,4,1,3,2,4,1,4,2,4,5,2,1,4
643,Wednesday,Female,51-55 yr,Cart,3,1,1,5,4,3,3,2,2,3,3,3,5,3,3,4,1,3,2,4,4,4
644,Thursday,Male,51-55 yr,Cart,5,4,3,1,1,1,3,5,3,5,5,3,1,1,1,1,1,4,4,3,2,3
645,Tuesday,Female,26-30 yr,Basket,2,4,2,2,2,2,5,4,4,4,4,2,2,2,2,4,4,3,4,2,2,2
646,Tuesday,Female,26-30 yr,Trolley,3,2,4,4,2,3,2,2,2,2,2,2,2,2,2,5,4,4,4,2,3,3
648,Wednesday,Male,21-25 yr,Basket,4,4,3,3,2,3,2,4,3,4,4,4,1,3,1,4,3,4,5,3,4,4
649,Wednesday,Female,46-50 yr,Cart,4,5,5,4,4,4,2,1,1,5,5,5,3,2,2,1,1,5,4,5,5,5
650,Tuesday,Male,51-55 yr,Arms,2,2,2,1,1,2,2,2,2,1,2,1,2,2,2,2,3,2,2,3,1,1
651,Monday,Female,31-35 yr,Trolley,4,3,4,4,4,4,2,1,2,3,3,4,3,3,2,5,3,2,2,3,3,4
652,Tuesday,Female,61-65 yr,Trolley,2,2,2,4,4,4,4,4,4,4,2,2,4,2,2,3,4,4,3,2,2,2
653,Wednesday,Male,41-45 yr,Cart,4,4,3,2,1,1,3,2,3,3,4,3,4,4,3,3,2,4,4,2,3,2
654,Tuesday,Male,21-25 yr,Arms,1,3,2,3,3,3,3,2,4,2,2,2,3,3,2,4,4,4,4,1,1,2
655,Wednesday,Male,21-25 yr,Trolley,3,2,3,1,1,1,2,2,2,3,4,4,2,2,1,4,4,4,4,2,2,2
656,Thursday,Female,21-25 yr,Basket,2,2,2,3,3,2,4,3,2,3,3,3,3,2,1,2,3,3,3,1,2,2
657,Friday,Male,26-30 yr,Trolley,3,3,3,4,2,4,2,2,2,2,2,2,4,4,3,4,4,4,4,1,1,1
658,Friday,Female,21-25 yr,Basket,3,3,2,4,3,3,4,3,2,2,2,2,2,2,2,2,3,3,3,2,2,3
659,Thursday,Male,21-25 yr,Arms,2,3,4,2,2,2,2,4,3,3,1,3,5,5,4,3,3,4,3,4,4,4
660,Friday,Female,26-30 yr,Cart,2,2,3,3,3,2,3,3,2,3,2,3,3,3,2,3,3,2,3,2,1,2
661,Thursday,Female,21-25 yr,Basket,3,4,2,3,2,2,2,2,2,3,3,3,3,2,2,5,5,5,5,2,1,2
662,Thursday,Male,21-25 yr,Basket,4,4,2,4,3,3,4,5,4,4,4,2,4,4,4,5,2,2,2,4,2,4
663,Friday,Male,21-25 yr,Basket,1,2,2,2,2,2,3,4,1,2,3,3,3,4,2,4,3,4,3,2,1,3
664,Friday,Male,21-25 yr,Arms,4,4,3,5,4,3,2,2,3,3,3,4,3,3,3,4,2,4,4,5,4,4
665,Friday,Male,31-35 yr,Cart,3,3,3,2,1,3,3,3,3,3,3,3,3,3,3,4,4,3,3,2,2,2
666,Wednesday,Male,26-30 yr,Basket,2,2,1,3,3,3,2,3,1,3,3,3,3,2,2,3,2,3,3,2,2,2
667,Tuesday,Female,46-50 yr,Cart,3,3,3,3,3,3,5,5,3,3,3,3,4,4,4,3,3,4,4,3,3,3
668,Saturday,Female,61-65 yr,Trolley,5,4,4,2,2,2,4,4,2,4,5,4,4,2,2,2,2,2,4,5,5,5
670,Saturday,Female,71-75 yr,Cart,2,2,2,1,1,1,4,4,4,4,3,4,2,2,2,3,3,2,2,2,2,2
671,Thursday,Female,21-25 yr,Basket,3,2,2,2,2,2,2,2,2,5,5,5,5,4,4,4,2,4,4,5,4,4
672,Friday,Female,51-55 yr,Cart,2,2,2,3,3,3,4,4,4,3,2,3,4,4,3,4,4,2,2,4,4,4
673,Saturday,Female,21-25 yr,Cart,3,3,2,3,3,4,4,4,1,4,4,4,4,4,2,3,4,5,4,2,1,2
674,Saturday,Male,26-30 yr,Cart,4,3,4,2,1,1,1,1,1,4,5,4,2,4,1,5,1,4,5,1,1,2
676,Friday,Female,51-55 yr,Cart,2,2,2,3,1,2,2,2,2,4,3,4,3,4,3,4,3,2,2,2,1,2
677,Friday,Male,26-30 yr,Basket,5,3,4,3,3,2,3,2,2,4,3,3,4,4,3,4,3,4,5,3,1,3
678,Saturday,Male,41-45 yr,Basket,3,1,1,1,1,1,1,1,1,5,3,5,3,2,1,3,3,3,4,1,1,1
679,Saturday,Male,21-25 yr,Cart,3,4,4,5,5,5,3,3,2,5,5,4,5,5,4,5,4,4,3,4,4,5
680,Monday,Male,31-35 yr,Cart,5,4,4,3,2,3,2,1,2,5,4,4,4,2,1,2,1,5,5,5,4,5
681,Monday,Male,21-25 yr,Cart,3,1,1,4,1,4,1,1,1,3,3,3,1,1,1,4,3,4,4,3,3,4
682,Monday,Male,21-25 yr,Trolley,3,4,3,3,3,3,2,1,1,5,3,4,4,4,3,3,3,4,4,5,4,4
683,Friday,Female,16-20 yr,Arms,3,4,4,4,3,4,2,2,2,4,4,4,2,3,1,3,3,4,4,3,4,4
684,Monday,Female,16-20 yr,Basket,3,4,2,5,5,5,2,2,2,3,2,4,2,2,2,4,2,4,4,5,5,4
685,Tuesday,Male,41-45 yr,Cart,3,2,3,2,1,1,2,2,2,4,4,4,3,3,3,5,4,4,4,2,2,3
686,Saturday,Male,21-25 yr,Basket,3,2,2,3,3,3,3,4,3,1,3,4,3,4,3,3,3,2,3,3,2,2
687,Saturday,Male,21-25 yr,Basket,4,4,4,3,2,2,4,2,2,3,3,3,5,5,5,4,2,2,3,4,3,4
688,Friday,Male,16-20 yr,Trolley,3,2,2,5,4,4,2,2,3,4,2,3,4,2,2,3,2,4,4,3,4,4
689,Thursday,Female,56-60 yr,Cart,1,1,1,3,3,3,4,4,4,3,3,3,2,2,2,3,3,2,3,1,1,2
690,Monday,Male,31-35 yr,Cart,4,2,4,2,1,2,2,2,2,5,4,4,2,2,2,4,2,4,4,3,3,4
691,Monday,Female,31-35 yr,Basket,4,3,3,4,3,3,2,2,1,4,4,4,2,3,2,5,3,4,4,4,4,4
692,Friday,Female,36-40 yr,Basket,2,1,3,1,1,1,4,3,3,3,3,3,1,1,1,3,3,4,4,3,1,1
693,Friday,Female,51-55 yr,Cart,2,3,2,3,2,2,3,2,2,4,4,4,2,2,2,3,2,3,3,2,2,2
694,Saturday,Male,46-50 yr,Arms,4,3,3,2,2,2,2,3,3,4,4,5,4,4,4,3,3,5,4,3,3,3
695,Monday,Female,46-50 yr,Basket,2,2,2,2,1,1,2,3,2,3,2,2,4,2,2,4,3,2,2,3,2,2
696,Thursday,Female,41-45 yr,Cart,4,3,4,4,3,3,2,4,2,5,5,5,2,2,2,1,1,4,4,4,2,2
697,Thursday,Female,36-40 yr,Basket,2,2,2,3,2,3,4,4,2,4,4,4,3,2,2,4,4,3,3,3,3,2
698,Saturday,Male,21-25 yr,Trolley,2,1,1,1,1,1,3,3,3,4,4,4,3,3,3,2,2,3,3,3,3,3
699,Saturday,Male,61-65 yr,Trolley,3,3,3,3,3,3,4,3,4,4,4,3,4,4,3,3,2,4,4,3,2,3
700,Saturday,Male,51-55 yr,Cart,4,2,2,4,3,2,2,2,2,3,3,3,2,2,2,4,2,5,5,2,1,2
701,Friday,Female,41-45 yr,Trolley,2,2,3,4,4,3,3,3,3,4,4,5,4,4,3,5,2,4,4,4,3,4
702,Monday,Male,56-60 yr,Arms,4,4,4,2,1,2,1,1,1,4,4,4,1,1,1,5,1,4,3,3,4,4
703,Thursday,Male,21-25 yr,Arms,4,5,5,3,2,2,2,2,4,5,5,5,4,4,1,1,1,4,2,4,4,4
704,Saturday,Male,21-25 yr,Cart,4,4,4,3,3,3,4,3,2,5,5,5,4,3,2,5,3,4,3,3,3,4
705,Monday,Female,46-50 yr,Cart,2,3,2,1,1,1,1,1,1,1,1,1,1,1,3,2,2,3,1,3,1,1
706,Monday,Male,46-50 yr,Basket,4,4,4,2,2,2,4,2,2,4,5,4,3,3,2,5,2,2,2,2,1,2
707,Monday,Male,41-45 yr,Basket,4,3,4,4,2,3,4,3,3,4,4,4,4,5,3,4,2,5,5,3,3,2
708,Saturday,Female,51-55 yr,Cart,1,1,1,3,3,2,3,4,3,4,4,4,3,3,2,3,3,3,3,1,1,1
709,Friday,Female,51-55 yr,Cart,1,1,1,3,3,3,2,3,3,4,4,4,3,3,2,4,4,3,3,1,1,1
710,Saturday,Female,31-35 yr,Cart,2,2,1,4,2,4,3,2,2,4,3,3,4,5,4,3,3,4,4,2,2,4
711,Saturday,Female,41-45 yr,Trolley,2,2,3,4,4,3,3,3,3,4,4,5,4,4,3,5,2,4,4,4,3,4
712,Monday,Female,41-45 yr,Trolley,2,2,3,4,4,3,3,3,3,4,4,5,4,4,3,5,2,4,4,4,3,4
713,Thursday,Male,46-50 yr,Cart,3,2,2,2,2,2,3,3,3,4,4,4,4,4,3,3,2,2,2,1,1,1
714,Thursday,Male,41-45 yr,Trolley,2,4,2,4,4,4,2,2,1,5,5,5,1,2,1,4,1,5,4,1,2,3
715,Saturday,Male,31-35 yr,Cart,3,3,3,4,3,3,4,4,4,4,4,4,4,4,3,3,2,2,2,4,3,4
716,Monday,Male,31-35 yr,Trolley,4,3,4,4,2,3,2,3,3,4,3,3,4,4,3,3,2,4,4,2,2,2
717,Monday,Female,21-25 yr,Arms,2,2,2,4,4,4,2,2,2,4,4,4,5,4,3,5,3,4,3,4,4,4
718,Saturday,Female,31-35 yr,Cart,3,3,3,2,1,1,2,2,1,4,5,4,3,2,1,3,3,4,4,3,3,4
719,Friday,Male,26-30 yr,Basket,3,3,3,4,4,4,3,2,2,3,4,3,3,3,2,4,3,4,4,4,4,4
720,Friday,Female,41-45 yr,Cart,2,4,4,1,1,2,5,2,3,4,3,4,3,2,2,3,2,4,4,4,4,4
721,Friday,Male,36-40 yr,Arms,3,3,2,1,1,1,2,2,2,5,4,5,4,4,4,3,3,4,5,3,3,3
722,Saturday,Female,36-40 yr,Basket,3,3,3,4,4,1,1,2,4,4,4,4,3,4,4,5,1,5,4,2,2,5
724,Thursday,Male,46-50 yr,Trolley,1,1,1,3,1,1,1,1,1,5,1,3,3,2,2,4,3,4,5,1,1,1
725,Wednesday,Female,26-30 yr,Arms,3,2,2,3,2,2,3,3,3,4,4,3,3,3,3,4,3,4,4,2,2,2
726,Monday,Male,36-40 yr,Cart,1,2,2,2,2,2,2,2,2,3,2,2,1,1,2,2,1,2,2,2,3,1
727,Saturday,Male,31-35 yr,Cart,4,3,4,4,4,4,2,2,2,4,3,3,2,2,1,2,4,4,4,2,2,3
728,Wednesday,Female,21-25 yr,Arms,5,3,4,5,5,4,3,4,4,4,5,5,5,5,5,3,3,5,5,5,5,5
729,Friday,Male,26-30 yr,Cart,3,2,4,4,4,4,3,4,2,4,4,3,4,4,3,4,3,3,4,1,1,1
730,Monday,Male,26-30 yr,Trolley,1,4,2,2,1,2,4,2,3,4,4,4,3,3,2,3,1,3,3,2,2,3
731,Saturday,Male,21-25 yr,Cart,3,3,4,3,2,1,2,2,3,5,5,5,1,1,3,3,3,3,3,3,1,4
732,Saturday,Female,46-50 yr,Cart,4,4,3,4,4,4,2,2,2,4,4,4,3,4,3,2,3,4,4,4,4,4
733,Thursday,Male,26-30 yr,Arms,2,3,3,3,2,2,1,4,3,3,3,3,4,4,4,5,5,4,4,1,1,3
734,Thursday,Male,46-50 yr,Trolley,4,4,3,3,3,3,3,4,2,4,5,4,4,3,3,3,3,3,3,4,3,4
735,Friday,Female,31-35 yr,Trolley,3,3,3,4,3,4,3,2,2,3,4,4,4,4,1,5,3,3,4,3,1,1
736,Monday,Female,41-45 yr,Trolley,1,3,1,3,2,3,1,4,2,4,4,4,5,2,2,3,4,3,3,3,1,1
737,Wednesday,Female,41-45 yr,Trolley,1,1,1,3,1,1,1,1,1,4,3,3,3,2,1,4,4,3,3,2,1,1
738,Saturday,Male,31-35 yr,Trolley,3,2,2,2,2,1,2,2,2,3,3,3,3,3,2,4,4,3,4,3,2,2
739,Friday,Male,56-60 yr,Basket,4,3,4,2,1,3,4,3,2,4,4,3,3,3,2,4,3,4,4,2,2,3
740,Friday,Female,51-55 yr,Cart,3,3,4,1,1,1,4,1,4,5,5,5,2,4,3,3,1,2,3,3,1,1
741,Monday,Male,26-30 yr,Basket,2,4,2,1,1,1,3,4,2,5,4,4,2,2,2,4,2,4,4,2,2,2
743,Thursday,Female,46-50 yr,Basket,3,3,2,4,4,4,4,2,4,3,3,3,4,4,3,4,3,4,4,2,2,2
744,Saturday,Male,61-65 yr,Trolley,3,2,2,1,1,1,4,4,4,4,4,4,2,2,2,4,3,3,4,2,2,2
745,Saturday,Female,26-30 yr,Cart,3,3,2,4,2,3,2,2,2,2,2,2,3,3,2,2,2,4,3,2,4,3
746,Friday,Female,41-45 yr,Basket,3,3,3,3,3,3,3,3,3,3,3,3,2,2,2,4,4,3,3,3,3,3
747,Monday,Female,26-30 yr,Trolley,4,3,3,3,1,3,3,3,1,5,5,5,5,4,3,4,2,5,3,1,1,2
748,Monday,Female,36-40 yr,Cart,4,4,4,5,5,4,2,4,2,4,4,5,4,4,4,4,2,4,4,4,3,3
749,Wednesday,Male,21-25 yr,Arms,3,4,4,3,1,1,4,2,1,5,4,5,5,5,2,3,3,3,3,3,3,3
750,Saturday,Male,26-30 yr,Trolley,4,3,4,4,3,4,3,4,3,5,5,5,5,5,5,5,3,5,5,3,2,2
751,Friday,Male,21-25 yr,Arms,1,1,1,3,2,3,3,2,2,3,3,2,4,3,3,2,4,4,4,1,1,3
752,Friday,Female,61-65 yr,Basket,3,4,3,3,2,2,2,2,1,5,5,5,4,4,5,1,1,1,3,4,4,4
753,Thursday,Male,16-20 yr,Basket,1,2,1,4,2,2,1,1,1,2,2,3,5,4,4,3,4,4,4,1,1,2
754,Monday,Female,41-45 yr,Cart,3,1,3,2,1,1,1,3,2,5,5,3,2,3,1,3,2,4,4,3,3,2
755,Wednesday,Female,31-35 yr,Cart,3,3,3,3,2,3,3,2,2,4,4,4,3,3,1,5,4,4,4,2,1,2
756,Saturday,Male,41-45 yr,Trolley,2,3,2,3,3,3,3,3,3,3,1,1,3,1,1,3,3,3,5,2,2,2
757,Saturday,Female,31-35 yr,Arms,3,2,3,1,3,1,3,2,2,3,1,1,3,2,3,2,3,1,1,3,3,3
758,Monday,Male,31-35 yr,Basket,3,2,2,4,4,4,3,4,1,4,3,3,4,4,2,4,4,4,4,2,1,2
759,Monday,Female,26-30 yr,Basket,1,1,1,1,1,1,3,3,3,5,1,3,5,5,4,5,5,3,3,1,1,1
760,Thursday,Male,31-35 yr,Trolley,1,1,1,3,1,3,3,2,3,3,2,2,4,4,4,4,3,4,4,1,1,1
761,Friday,Female,26-30 yr,Cart,1,1,1,1,1,3,3,3,3,2,2,2,3,1,1,3,3,3,3,1,1,1
762,Saturday,Male,21-25 yr,Trolley,2,2,3,4,4,4,2,2,1,4,4,2,4,4,1,5,3,3,2,4,4,4
763,Saturday,Female,41-45 yr,Trolley,2,2,3,4,4,3,3,3,3,4,4,5,4,4,3,5,2,4,4,4,3,4
764,Monday,Female,41-45 yr,Trolley,2,2,3,4,4,3,3,3,3,4,4,5,4,4,3,5,2,4,4,4,3,4
766,Thursday,Female,41-45 yr,Trolley,2,2,3,4,4,3,3,3,3,4,4,5,4,4,3,5,2,4,4,4,3,4
767,Saturday,Female,41-45 yr,Trolley,2,2,3,4,4,3,3,3,3,4,4,5,4,4,3,5,2,4,4,4,3,4
768,Saturday,Male,46-50 yr,Trolley,4,3,4,2,3,4,4,4,2,3,4,4,2,3,2,4,3,4,4,4,3,3
769,Friday,Female,21-25 yr,Trolley,3,3,4,4,3,4,2,4,2,4,4,4,4,4,2,3,3,2,4,3,3,3
770,Monday,Male,56-60 yr,Cart,2,2,2,3,3,2,3,2,2,1,3,3,3,3,3,3,1,3,3,2,2,2
771,Monday,Male,56-60 yr,Cart,2,2,2,3,3,2,3,2,2,1,3,3,3,3,3,3,1,3,3,2,2,2
772,Friday,Male,46-50 yr,Trolley,1,1,1,3,1,1,1,1,1,5,1,3,3,2,2,4,3,4,5,1,1,1
773,Friday,Male,46-50 yr,Trolley,1,1,1,3,1,1,1,1,1,5,1,3,3,2,2,4,3,4,5,1,1,1
774,Saturday,Female,46-50 yr,Basket,5,3,4,4,3,4,1,1,3,4,3,3,4,2,1,5,2,3,4,3,2,2
775,Friday,Male,46-50 yr,Trolley,1,1,1,3,1,1,1,1,1,5,1,3,3,2,2,4,3,4,5,1,1,1
776,Monday,Male,46-50 yr,Trolley,1,1,1,3,1,1,1,1,1,5,1,3,3,2,2,4,3,4,5,1,1,1
777,Monday,Female,46-50 yr,Basket,1,1,1,3,2,2,3,1,1,4,3,3,3,2,2,3,4,1,1,1,3,1
778,Saturday,Male,46-50 yr,Trolley,1,1,1,3,1,1,1,1,1,5,1,3,3,2,2,4,3,4,5,1,1,1
779,Monday,Male,46-50 yr,Basket,4,3,3,2,3,3,2,2,2,3,3,3,4,4,3,3,3,4,3,4,3,3
780,Friday,Male,46-50 yr,Trolley,4,4,4,3,3,2,3,4,2,4,5,5,1,2,2,4,4,4,4,4,4,3
781,Saturday,Male,46-50 yr,Cart,1,1,1,4,4,4,4,2,4,4,3,3,2,4,2,5,3,4,4,1,1,1
782,Saturday,Male,46-50 yr,Trolley,2,2,3,3,3,3,3,2,2,3,2,2,1,1,2,3,2,4,4,2,1,3
783,Monday,Male,21-25 yr,Basket,1,1,1,3,3,3,3,3,3,3,3,3,3,3,3,3,3,3,3,1,1,1
784,Friday,Female,31-35 yr,Cart,4,2,3,2,1,1,2,1,2,2,2,2,2,2,1,4,4,4,2,2,2,3
785,Saturday,Male,51-55 yr,Trolley,2,2,2,2,1,1,2,3,2,4,4,4,3,4,1,3,3,4,3,3,2,2
786,Monday,Female,41-45 yr,Basket,1,1,1,3,3,4,4,4,4,4,4,3,4,4,3,4,3,4,3,1,1,2
787,Monday,Male,16-20 yr,Arms,4,3,4,4,3,3,2,3,2,2,3,2,2,2,2,3,2,3,4,4,2,4
788,Thursday,Female,61-65 yr,Cart,3,1,1,3,1,1,3,3,1,3,3,4,4,3,2,4,4,1,1,2,1,2
789,Wednesday,Female,61-65 yr,Cart,3,1,1,3,1,1,3,3,1,3,3,4,4,3,2,4,4,1,1,2,1,2
790,Saturday,Male,46-50 yr,Trolley,1,1,1,3,1,1,1,1,1,5,1,3,3,2,2,4,3,4,5,1,1,1
791,Friday,Male,21-25 yr,Basket,4,4,4,4,4,1,2,2,2,4,4,4,2,2,2,4,2,4,4,4,4,4
792,Saturday,Female,41-45 yr,Trolley,2,2,3,4,4,3,3,3,3,4,4,5,4,4,3,5,2,4,4,4,3,4
793,Saturday,Male,46-50 yr,Trolley,1,1,1,3,1,1,1,1,1,5,1,3,3,2,2,4,3,4,5,1,1,1
794,Monday,Female,46-50 yr,Cart,1,1,1,1,1,1,1,1,1,4,4,4,3,4,1,4,4,1,4,1,1,1
795,Monday,Female,26-30 yr,Basket,3,3,3,3,2,2,3,2,2,4,4,4,2,3,2,4,3,4,3,2,1,1
796,Monday,Male,16-20 yr,Arms,3,3,2,2,2,2,1,1,2,2,2,3,4,3,4,2,2,3,3,1,1,1
797,Friday,Male,41-45 yr,Basket,3,2,3,2,3,2,3,3,3,4,3,4,4,4,3,4,3,4,4,3,2,2
798,Tuesday,Female,26-30 yr,Basket,4,3,4,2,2,2,4,2,2,3,4,4,4,3,3,4,3,4,4,2,2,2
799,Saturday,Female,26-30 yr,Basket,4,2,3,4,2,3,2,3,2,5,4,4,3,3,2,1,1,4,4,3,2,4
800,Monday,Male,26-30 yr,Trolley,3,4,2,5,4,4,4,3,4,4,4,4,5,4,4,5,4,4,4,2,1,3
801,Monday,Female,41-45 yr,Trolley,2,2,3,4,4,3,3,3,3,4,4,5,4,4,3,5,2,4,4,4,3,4
802,Friday,Female,41-45 yr,Trolley,2,2,3,4,4,3,3,3,3,4,4,5,4,4,3,5,2,4,4,4,3,4
803,Thursday,Male,21-25 yr,Basket,4,1,1,1,1,1,1,1,1,2,2,2,1,2,1,3,3,1,3,1,1,1
804,Saturday,Female,31-35 yr,Trolley,3,1,3,3,1,3,4,3,3,4,3,5,4,3,2,5,3,5,5,4,3,2
805,Monday,Female,41-45 yr,Basket,3,4,3,5,4,5,2,2,2,4,4,4,3,3,2,4,2,4,3,3,3,2
806,Saturday,Female,21-25 yr,Arms,3,1,1,2,1,1,1,1,1,3,4,3,5,5,5,4,1,5,5,1,1,3
807,Saturday,Female,41-45 yr,Basket,3,3,3,2,1,2,3,3,3,4,3,3,3,3,3,4,3,3,4,4,2,2
808,Friday,Female,41-45 yr,Cart,5,5,5,2,2,3,2,2,1,5,5,5,5,5,4,2,2,4,4,4,4,4
809,Monday,Male,21-25 yr,Basket,1,1,1,3,1,2,1,1,1,2,2,3,4,2,3,4,4,1,1,1,1,1
810,Friday,Male,26-30 yr,Arms,1,1,1,3,2,2,1,1,1,3,3,3,2,4,3,3,3,1,2,1,1,3
811,Saturday,Male,21-25 yr,Basket,2,1,1,4,2,2,3,3,2,2,3,2,4,3,2,4,3,4,4,2,1,4
812,Saturday,Female,36-40 yr,Basket,3,3,4,5,5,5,2,2,2,2,1,3,2,4,2,2,2,4,4,5,4,5
813,Monday,Female,31-35 yr,Cart,4,2,3,2,1,1,2,1,2,2,2,2,2,2,1,4,4,4,2,2,2,3
814,Monday,Male,21-25 yr,Arms,3,3,3,3,3,3,2,2,2,4,4,4,4,4,2,4,4,4,4,3,2,3
815,Monday,Male,36-40 yr,Trolley,1,1,1,3,3,3,3,3,2,4,5,5,4,4,2,4,3,4,4,2,3,2
816,Thursday,Female,51-55 yr,Cart,3,3,3,3,2,2,4,4,4,3,4,3,2,3,2,3,3,3,3,1,3,1
817,Wednesday,Male,41-45 yr,Basket,4,2,4,3,2,2,1,1,2,4,4,4,4,4,2,2,2,4,3,2,2,2
818,Friday,Male,41-45 yr,Trolley,3,1,3,1,1,1,1,1,1,4,3,4,5,5,4,1,1,2,2,1,1,1
819,Monday,Female,56-60 yr,Cart,2,2,2,3,2,2,2,2,2,2,2,3,2,3,2,4,4,2,2,2,2,2
820,Saturday,Female,31-35 yr,Cart,4,1,3,4,4,4,2,2,2,5,5,5,2,2,1,3,3,4,3,1,2,2
821,Saturday,Male,46-50 yr,Basket,2,4,3,4,3,4,4,4,2,4,4,4,2,3,2,2,2,4,4,3,2,3
822,Friday,Male,21-25 yr,Arms,4,4,4,2,1,2,2,2,2,5,5,5,2,2,2,3,1,5,4,4,3,4
823,Thursday,Female,46-50 yr,Basket,4,3,2,4,2,2,2,4,2,4,5,4,3,2,2,4,3,4,4,2,2,3
824,Saturday,Female,56-60 yr,Trolley,3,2,2,4,3,4,3,4,4,4,3,4,4,3,2,4,3,2,3,2,2,2
825,Monday,Female,26-30 yr,Cart,2,3,2,4,4,4,1,4,1,4,4,4,3,3,2,2,3,4,4,2,1,2
826,Saturday,Female,46-50 yr,Basket,4,3,4,4,4,3,1,1,1,4,5,5,4,4,2,3,3,4,4,4,4,5
827,Saturday,Male,16-20 yr,Arms,3,3,4,1,1,2,2,1,1,5,5,4,3,1,2,3,3,4,4,1,1,1
828,Friday,Male,21-25 yr,Arms,1,2,1,3,3,3,1,3,1,3,3,3,2,2,2,3,1,3,4,3,2,3
829,Wednesday,Male,51-55 yr,Cart,2,2,2,2,1,1,2,2,2,4,4,4,3,3,2,3,3,3,3,2,1,1
830,Tuesday,Female,31-35 yr,Trolley,3,3,3,2,3,2,5,4,4,4,3,4,4,2,2,4,2,3,4,2,2,2
831,Thursday,Female,46-50 yr,Basket,3,3,2,3,3,4,4,4,2,3,4,3,4,4,2,3,3,4,4,4,3,3
832,Saturday,Male,41-45 yr,Trolley,4,3,4,2,1,2,3,2,1,4,5,4,2,2,2,4,3,4,4,3,4,3
834,Monday,Female,46-50 yr,Arms,2,2,2,3,2,1,1,1,1,3,3,3,2,2,2,1,3,1,1,2,3,2
835,Saturday,Female,41-45 yr,Cart,4,3,4,4,3,3,2,4,2,5,5,5,2,2,2,1,1,4,4,4,2,2
837,Saturday,Male,41-45 yr,Trolley,4,1,4,3,1,3,3,2,2,3,3,3,2,3,2,2,4,4,4,1,1,1
838,Monday,Female,46-50 yr,Basket,1,1,1,4,4,4,4,2,1,4,4,5,1,1,1,3,2,4,4,1,1,1
842,Friday,Female,51-55 yr,Trolley,3,1,2,3,3,4,2,2,1,5,4,4,3,3,2,2,3,3,5,2,3,3
843,Thursday,Male,51-55 yr,Arms,1,3,1,1,1,1,2,2,2,3,3,3,3,3,2,2,2,3,3,1,1,1
844,Saturday,Male,56-60 yr,Arms,4,3,3,2,2,3,2,2,2,4,3,3,2,3,2,2,2,4,4,4,3,4
845,Wednesday,Male,21-25 yr,Arms,1,1,1,1,1,1,1,1,1,4,4,4,3,2,3,1,3,1,1,1,1,1
846,Thursday,Male,36-40 yr,Trolley,4,3,3,4,2,3,2,2,2,3,4,2,4,4,2,5,5,4,4,2,3,4
847,Saturday,Female,16-20 yr,Basket,2,2,2,4,4,4,2,2,3,4,3,4,3,4,2,5,5,3,3,2,2,3
848,Monday,Female,31-35 yr,Arms,1,3,2,4,3,4,2,3,1,4,3,3,2,3,2,2,3,4,3,4,2,3
849,Monday,Female,31-35 yr,Arms,3,3,4,3,3,3,3,2,2,3,4,4,4,4,3,3,2,4,2,4,3,3
850,Saturday,Male,56-60 yr,Cart,3,3,3,3,3,3,3,3,3,3,3,3,3,3,3,3,3,3,3,3,3,3
851,Tuesday,Female,31-35 yr,Arms,1,2,1,2,2,2,4,4,4,3,2,3,4,4,4,4,3,4,4,1,1,1
852,Monday,Female,51-55 yr,Basket,3,2,2,3,2,2,1,3,2,3,3,3,2,3,2,1,2,3,1,3,3,3
853,Saturday,Female,51-55 yr,Basket,3,2,2,3,2,2,1,3,2,3,3,3,2,3,2,1,2,3,1,3,3,3
854,Tuesday,Female,41-45 yr,Cart,3,4,5,3,3,4,1,1,1,5,5,5,4,4,3,5,3,5,5,5,5,5
855,Saturday,Female,26-30 yr,Trolley,2,2,1,4,4,4,2,2,2,2,2,2,4,3,2,4,2,4,3,4,2,3
856,Friday,Female,46-50 yr,Cart,2,1,1,4,3,4,4,2,4,4,4,4,4,2,2,3,2,2,4,3,3,3
857,Saturday,Female,51-55 yr,Basket,3,1,1,3,3,3,3,3,3,4,4,4,3,4,3,4,4,4,4,3,3,2
858,Monday,Female,31-35 yr,Basket,4,4,5,3,3,2,3,2,4,5,5,5,4,4,3,4,4,4,5,2,1,3
859,Monday,Male,41-45 yr,Cart,2,3,1,3,3,3,4,4,2,4,4,4,3,3,2,5,4,2,2,1,1,2
860,Tuesday,Female,36-40 yr,Cart,2,1,3,1,1,3,1,3,1,4,4,3,4,3,2,5,3,3,3,1,1,1
861,Tuesday,Female,16-20 yr,Basket,1,2,1,5,2,5,1,1,1,3,3,4,3,2,1,3,3,3,3,3,2,4
862,Thursday,Male,31-35 yr,Trolley,2,3,2,3,3,1,4,4,2,4,5,4,4,2,2,5,1,4,4,3,3,4
863,Friday,Male,46-50 yr,Arms,2,1,2,2,1,4,4,1,1,5,5,5,2,1,2,4,2,5,4,2,4,4
864,Saturday,Female,61-65 yr,Cart,2,2,2,3,3,3,3,3,2,2,3,2,3,3,2,4,4,3,3,1,1,2
865,Monday,Male,16-20 yr,Basket,3,4,4,3,2,3,3,4,2,2,3,2,3,2,3,4,4,3,4,2,2,2
866,Monday,Female,46-50 yr,Arms,3,3,3,4,4,3,3,2,4,4,4,4,4,4,4,2,2,3,2,3,3,3
867,Tuesday,Female,21-25 yr,Basket,4,1,4,3,1,3,4,4,3,2,2,2,5,5,4,4,4,4,4,3,3,3
868,Saturday,Male,21-25 yr,Trolley,2,3,2,3,2,3,3,2,2,3,3,3,1,2,1,5,4,3,3,2,1,2
869,Tuesday,Male,21-25 yr,Trolley,2,2,1,4,3,3,2,2,2,5,5,4,2,2,2,3,3,4,3,4,4,4
870,Friday,Male,26-30 yr,Arms,3,3,3,1,1,1,3,4,2,4,3,4,3,4,1,1,1,5,5,2,1,3
871,Saturday,Male,36-40 yr,Cart,4,4,2,2,2,2,4,4,2,4,4,4,2,4,2,2,2,4,4,3,3,3
872,Saturday,Female,21-25 yr,Cart,3,3,3,4,2,3,4,4,4,4,4,4,3,2,2,4,2,4,4,2,1,3
873,Tuesday,Female,16-20 yr,Basket,1,2,1,5,2,5,1,1,1,3,3,4,3,2,1,3,3,3,3,3,2,4
874,Monday,Female,26-30 yr,Cart,1,1,1,3,2,2,2,2,2,1,2,2,2,2,3,2,1,3,3,1,1,1
875,Tuesday,Female,16-20 yr,Basket,1,2,1,5,2,5,1,1,1,3,3,4,3,2,1,3,3,3,3,3,2,4
876,Tuesday,Female,21-25 yr,Arms,3,3,3,4,4,4,3,2,2,4,4,4,3,3,3,3,2,4,4,3,3,3
877,Tuesday,Female,21-25 yr,Cart,3,2,2,3,2,3,4,2,2,4,4,4,2,4,3,5,5,4,4,5,3,4
878,Monday,Male,21-25 yr,Arms,3,3,3,3,3,3,3,3,3,3,3,3,3,3,3,3,3,3,3,3,3,3
879,Saturday,Female,31-35 yr,Basket,3,1,4,5,4,5,4,2,2,2,1,3,4,4,3,3,4,4,4,4,4,4
880,Saturday,Male,16-20 yr,Arms,3,3,3,4,2,3,1,2,1,3,3,3,5,4,3,3,3,4,3,5,4,5
881,Monday,Male,26-30 yr,Basket,2,3,2,4,4,4,2,2,2,3,4,3,3,4,3,5,4,3,3,2,1,4
882,Tuesday,Female,16-20 yr,Trolley,1,1,1,3,2,3,4,4,2,3,3,3,3,3,3,3,4,2,2,2,3,4
883,Monday,Male,21-25 yr,Basket,2,3,3,3,2,2,4,3,1,4,4,4,3,3,3,3,3,3,4,3,2,3
884,Tuesday,Female,36-40 yr,Basket,3,2,3,2,2,2,3,2,2,3,4,4,4,4,4,3,2,4,4,4,4,3
885,Tuesday,Female,56-60 yr,Cart,3,1,2,4,3,3,4,4,4,3,3,3,3,3,3,4,4,3,4,4,4,4
886,Friday,Female,26-30 yr,Cart,2,1,1,4,3,4,3,2,2,4,3,3,3,3,2,2,2,4,4,2,2,3
887,Saturday,Male,26-30 yr,Arms,1,1,1,5,3,1,3,3,3,5,5,5,5,5,5,2,3,3,4,1,1,2
888,Saturday,Male,26-30 yr,Arms,3,2,2,2,2,2,4,4,3,4,4,4,4,3,3,3,3,4,4,3,2,3
889,Thursday,Female,26-30 yr,Arms,2,3,3,4,4,4,2,1,2,3,4,4,2,3,4,5,3,3,4,4,3,3
890,Thursday,Male,31-35 yr,Arms,2,1,2,3,2,2,2,2,2,3,4,3,4,3,2,3,3,4,4,1,1,1
891,Tuesday,Female,41-45 yr,Trolley,1,1,1,1,1,1,3,1,1,3,3,2,1,1,1,3,3,3,3,1,1,1
892,Monday,Female,41-45 yr,Basket,2,1,2,4,3,4,4,3,2,3,3,3,1,2,2,2,2,4,4,1,3,3
893,Monday,Female,26-30 yr,Arms,1,1,1,3,3,4,1,1,1,4,3,4,3,3,3,5,3,3,3,2,2,2
894,Saturday,Female,56-60 yr,Cart,3,1,1,3,3,4,1,3,2,5,4,4,2,2,1,4,2,4,3,3,1,2
895,Friday,Male,46-50 yr,Trolley,3,4,3,4,4,4,3,3,2,4,4,3,3,4,2,3,2,4,4,4,3,4
896,Friday,Female,26-30 yr,Trolley,2,3,1,4,3,3,4,4,3,4,4,4,4,4,3,4,3,4,4,2,2,2
897,Monday,Male,41-45 yr,Trolley,2,1,2,1,1,1,2,3,2,2,2,2,4,2,1,4,3,2,2,1,3,2
898,Wednesday,Female,51-55 yr,Trolley,2,2,2,2,1,3,4,2,2,4,4,4,2,4,3,4,1,3,2,2,2,3
899,Wednesday,Female,51-55 yr,Cart,4,3,3,4,3,4,1,1,1,5,5,5,4,5,3,2,1,5,4,4,4,4
900,Tuesday,Female,21-25 yr,Arms,3,3,4,3,2,4,3,2,2,2,2,2,4,4,1,3,3,2,4,3,1,1
901,Saturday,Male,16-20 yr,Trolley,4,2,4,5,4,4,1,3,2,4,3,3,4,3,2,4,2,4,4,4,3,5
902,Wednesday,Female,21-25 yr,Arms,4,2,2,4,4,4,4,3,2,4,2,3,4,4,3,4,4,4,2,3,3,4
903,Tuesday,Male,21-25 yr,Trolley,4,2,3,4,3,3,3,2,2,4,2,3,2,2,3,4,4,4,4,4,4,4
904,Wednesday,Male,21-25 yr,Arms,2,1,1,1,1,1,4,4,1,3,4,5,4,4,2,4,4,4,4,1,1,1
905,Monday,Male,26-30 yr,Basket,4,2,3,3,2,3,5,2,2,4,3,3,4,4,4,3,3,5,4,2,1,2
906,Friday,Male,21-25 yr,Basket,4,2,3,2,2,1,4,4,3,5,4,4,4,3,4,3,3,5,4,3,2,3
907,Saturday,Female,16-20 yr,Trolley,4,2,3,5,4,4,2,2,1,4,5,5,3,2,2,4,3,4,4,3,2,4
908,Wednesday,Female,16-20 yr,Trolley,2,3,3,4,4,3,3,4,4,4,3,3,4,4,4,5,4,4,4,4,2,4
909,Wednesday,Female,16-20 yr,Trolley,4,2,2,5,5,5,2,2,3,3,4,3,4,5,5,4,3,1,2,2,2,3
910,Wednesday,Female,21-25 yr,Trolley,3,2,2,3,2,3,1,1,1,3,3,3,1,1,1,1,1,3,3,3,3,2
911,Tuesday,Male,26-30 yr,Cart,2,2,2,3,2,2,2,2,2,3,4,4,3,3,2,2,2,2,4,3,2,3
912,Tuesday,Male,16-20 yr,Arms,3,3,2,3,3,2,2,4,1,2,2,3,4,4,3,5,5,5,4,3,2,2
913,Monday,Male,21-25 yr,Basket,4,3,4,5,4,4,5,3,4,5,5,5,5,5,5,4,2,5,3,5,5,5
914,Wednesday,Female,16-20 yr,Trolley,1,1,1,2,1,3,3,2,1,3,3,2,1,4,3,3,3,3,2,1,1,1
915,Tuesday,Female,16-20 yr,Trolley,2,3,2,1,3,1,2,2,2,1,3,3,1,1,3,1,3,3,3,3,3,1
916,Wednesday,Male,21-25 yr,Trolley,2,2,2,2,2,2,2,3,2,2,2,2,2,2,2,5,4,1,2,2,2,2
917,Wednesday,Female,26-30 yr,Basket,2,1,1,4,3,4,2,2,3,3,3,3,3,3,2,2,2,4,4,2,3,3
918,Wednesday,Female,36-40 yr,Arms,3,2,2,2,2,2,2,2,2,4,4,4,2,3,2,4,3,4,4,1,1,1
919,Saturday,Male,21-25 yr,Trolley,3,4,2,2,1,1,3,3,1,3,4,4,2,4,1,4,4,2,3,3,2,3
920,Monday,Male,21-25 yr,Trolley,4,2,3,3,3,3,2,2,2,4,5,4,2,3,2,4,3,4,4,2,3,3
921,Friday,Female,46-50 yr,Basket,3,2,2,2,2,3,3,2,2,4,4,4,4,3,4,3,2,3,4,3,3,3
922,Monday,Male,21-25 yr,Trolley,3,3,4,1,1,1,4,4,3,4,4,4,4,3,4,4,3,3,3,1,1,3
923,Monday,Male,21-25 yr,Arms,1,1,1,1,1,2,1,1,1,1,1,1,1,1,1,1,1,1,1,1,1,2
924,Wednesday,Female,41-45 yr,Basket,4,1,3,3,2,1,2,2,1,4,3,4,2,3,2,3,4,4,4,2,3,3
925,Wednesday,Female,26-30 yr,Arms,3,3,2,4,4,4,3,3,1,4,4,5,4,4,3,1,2,3,4,3,3,3
926,Tuesday,Female,26-30 yr,Arms,3,3,2,4,4,4,3,3,1,4,4,5,4,4,3,1,2,3,4,3,3,3
927,Saturday,Female,26-30 yr,Arms,3,3,2,4,4,4,3,3,1,4,4,5,4,4,3,1,2,3,4,3,3,3
928,Monday,Female,26-30 yr,Arms,3,3,2,4,4,4,3,3,1,4,4,5,4,4,3,1,2,3,4,3,3,3
929,Saturday,Male,46-50 yr,Basket,4,4,4,3,4,3,2,2,2,4,4,4,4,4,2,4,2,4,4,5,5,4
930,Saturday,Male,26-30 yr,Cart,4,2,4,2,1,2,4,4,1,4,5,3,4,3,1,3,4,4,4,4,4,3
931,Wednesday,Male,56-60 yr,Cart,2,1,1,2,2,2,1,1,1,2,2,2,1,2,1,1,1,1,1,1,1,1
932,Wednesday,Female,26-30 yr,Arms,3,3,2,4,4,4,3,3,1,4,4,5,4,4,3,1,2,3,4,3,3,3
933,Wednesday,Male,21-25 yr,Trolley,4,2,3,2,1,2,2,4,4,4,4,3,3,3,2,3,2,4,4,2,1,1
934,Tuesday,Female,26-30 yr,Arms,3,3,2,4,4,4,3,3,1,4,4,5,4,4,3,1,2,3,4,3,3,3
935,Monday,Female,36-40 yr,Trolley,4,3,3,2,1,1,2,2,2,4,4,4,3,2,2,4,2,4,3,1,1,1
936,Monday,Female,16-20 yr,Arms,3,3,2,2,2,3,3,2,3,3,3,3,4,4,4,3,4,2,3,2,2,3
937,Wednesday,Female,21-25 yr,Trolley,1,1,1,3,1,2,4,2,2,4,4,3,4,2,3,1,1,4,3,4,2,4
938,Thursday,Male,31-35 yr,Trolley,3,2,1,2,2,2,2,3,2,3,2,3,3,3,3,3,3,4,3,2,2,3
939,Thursday,Female,21-25 yr,Arms,1,4,1,4,3,4,2,3,2,5,4,4,4,4,2,2,1,4,4,2,2,3
940,Wednesday,Male,61-65 yr,Basket,2,3,2,2,1,2,2,2,3,3,3,2,2,3,2,4,3,2,3,2,2,3
941,Tuesday,Female,56-60 yr,Cart,4,1,3,4,3,4,2,2,2,5,5,5,3,4,3,4,3,4,4,4,3,3
942,Tuesday,Female,21-25 yr,Trolley,3,2,3,3,3,3,2,4,1,3,2,3,4,3,2,3,3,3,2,4,4,3
943,Wednesday,Male,21-25 yr,Basket,3,3,3,3,3,3,2,2,2,4,4,3,4,4,3,4,3,4,4,4,2,4
944,Thursday,Male,31-35 yr,Basket,3,2,2,4,4,4,1,3,3,3,3,3,5,5,3,3,3,3,3,3,3,3
945,Friday,Female,21-25 yr,Basket,1,1,1,1,1,3,2,2,5,4,3,2,4,3,2,3,3,2,2,2,3,3
946,Thursday,Female,36-40 yr,Trolley,2,1,1,3,1,1,4,4,3,4,4,4,4,4,3,4,3,3,2,2,1,3
947,Thursday,Female,61-65 yr,Cart,2,2,2,3,2,2,2,2,2,3,2,3,2,2,2,2,2,2,2,3,2,2
948,Friday,Female,21-25 yr,Trolley,2,1,1,4,3,4,5,3,1,4,3,3,2,2,2,4,2,3,3,4,4,3
949,Wednesday,Male,21-25 yr,Basket,4,4,3,5,2,4,3,3,1,4,2,2,1,1,1,1,1,5,5,4,3,5
950,Friday,Male,26-30 yr,Cart,4,3,4,2,2,1,3,2,3,4,4,4,3,2,2,2,1,4,4,4,4,4
951,Wednesday,Male,36-40 yr,Trolley,1,4,1,2,1,1,4,4,3,2,2,2,1,1,1,4,4,3,4,2,1,3
953,Thursday,Male,21-25 yr,Arms,2,1,1,3,2,3,3,3,3,4,2,1,5,4,3,4,5,4,4,2,2,2
954,Friday,Female,41-45 yr,Arms,2,2,2,5,5,4,4,2,2,2,2,2,4,4,3,2,4,2,4,4,2,4
955,Saturday,Female,21-25 yr,Basket,1,1,1,5,3,3,4,2,2,5,2,4,4,4,2,3,2,2,3,2,1,2
956,Saturday,Female,51-55 yr,Trolley,2,2,2,3,1,3,2,4,3,5,5,5,1,2,2,2,2,2,3,3,3,2
957,Saturday,Male,21-25 yr,Trolley,3,2,2,4,4,4,2,2,1,4,2,3,2,4,2,4,2,4,3,4,4,4
958,Tuesday,Female,16-20 yr,Trolley,2,2,4,4,4,4,2,2,2,2,2,3,4,4,2,4,2,3,4,4,3,4
959,Monday,Male,26-30 yr,Cart,3,3,2,1,1,1,3,2,2,1,2,1,1,1,1,1,2,2,2,3,3,3
960,Saturday,Female,21-25 yr,Cart,2,3,2,3,3,2,2,2,2,1,1,1,3,3,2,1,3,1,3,2,2,3
961,Tuesday,Female,16-20 yr,Cart,3,3,2,5,5,5,4,3,3,4,4,4,4,4,4,4,3,4,4,3,2,3
962,Tuesday,Female,21-25 yr,Trolley,2,1,1,5,4,2,2,2,2,5,5,5,4,4,3,2,3,4,3,4,4,4
963,Monday,Female,16-20 yr,Arms,2,1,1,4,3,2,3,3,3,3,4,3,4,4,3,4,3,2,3,3,3,4
964,Saturday,Female,26-30 yr,Trolley,1,2,2,4,2,4,1,2,2,3,2,3,4,3,2,3,4,3,4,2,1,2
965,Tuesday,Female,21-25 yr,Trolley,3,1,2,5,5,4,3,3,3,3,3,3,4,5,4,5,3,4,4,4,4,3
966,Tuesday,Female,36-40 yr,Trolley,1,1,1,4,3,4,3,2,3,3,3,3,3,1,1,5,5,4,4,1,2,4
967,Monday,Female,21-25 yr,Arms,2,2,1,4,1,1,4,2,1,4,5,5,5,4,4,5,4,4,4,1,1,2
968,Saturday,Male,36-40 yr,Basket,2,3,2,1,1,1,4,4,2,4,4,4,4,4,4,3,3,4,4,3,2,3
969,Friday,Male,21-25 yr,Trolley,3,2,2,2,2,2,2,1,2,5,4,4,2,3,1,4,2,3,3,3,3,3
970,Saturday,Female,46-50 yr,Cart,3,2,2,3,3,3,3,3,3,3,3,3,3,3,3,3,3,3,3,1,1,3
971,Monday,Female,16-20 yr,Trolley,3,2,2,4,2,4,2,2,2,3,3,3,4,3,4,3,3,4,3,4,3,3
972,Monday,Female,56-60 yr,Trolley,3,5,3,4,3,3,5,5,5,5,5,5,2,1,1,5,5,4,5,4,4,5
973,Tuesday,Female,16-20 yr,Trolley,2,2,2,4,4,2,4,2,3,4,3,4,4,4,4,4,3,4,4,4,2,2
974,Saturday,Female,21-25 yr,Basket,3,1,3,3,2,4,2,3,1,3,3,2,4,4,2,4,4,3,2,2,1,3
975,Thursday,Female,26-30 yr,Cart,3,3,3,3,3,3,3,3,3,3,3,3,3,3,3,3,3,3,3,3,3,3
976,Saturday,Female,36-40 yr,Cart,2,2,2,3,2,3,1,2,1,3,3,3,2,2,2,3,2,2,3,2,2,3
977,Saturday,Female,16-20 yr,Basket,5,4,4,4,2,4,3,3,3,4,4,4,4,4,2,3,3,4,4,3,2,2
978,Tuesday,Female,16-20 yr,Arms,1,1,1,3,3,2,3,3,2,2,3,2,3,3,4,3,2,3,4,3,2,3
979,Tuesday,Male,21-25 yr,Basket,3,3,3,3,3,3,2,2,2,3,3,2,3,4,2,3,2,3,3,4,3,3
980,Tuesday,Female,26-30 yr,Arms,3,1,3,1,1,1,3,3,1,3,3,3,5,3,4,4,3,3,4,1,1,1
981,Monday,Female,16-20 yr,Trolley,3,2,1,5,5,4,2,2,4,4,3,2,4,4,5,5,3,4,4,3,2,4
982,Saturday,Male,16-20 yr,Arms,2,2,3,1,1,1,4,2,1,3,3,3,5,5,4,3,3,3,3,2,2,2
983,Monday,Female,26-30 yr,Cart,5,5,5,5,4,2,2,2,5,5,5,5,3,4,3,3,1,5,4,4,3,4
984,Tuesday,Female,16-20 yr,Basket,4,4,3,5,5,4,2,3,3,2,1,1,5,3,5,4,4,5,4,3,4,5
985,Friday,Female,46-50 yr,Trolley,1,1,1,4,3,4,2,3,2,3,4,4,5,2,2,4,2,2,4,2,1,1
986,Tuesday,Female,21-25 yr,Basket,3,2,2,4,4,4,4,4,4,5,4,4,3,4,2,2,2,4,4,4,4,4
987,Saturday,Female,21-25 yr,Arms,3,3,4,5,4,5,1,1,1,4,5,4,5,5,4,3,3,3,1,3,4,3
988,Tuesday,Female,16-20 yr,Arms,4,4,4,3,3,4,3,4,2,4,4,5,3,4,4,2,2,4,4,3,3,3
989,Monday,Female,21-25 yr,Arms,1,1,1,4,3,3,4,1,1,1,1,1,5,5,5,4,3,4,4,4,1,1
990,Tuesday,Female,16-20 yr,Basket,2,1,2,2,1,2,1,3,1,2,2,2,3,2,2,2,3,3,4,3,3,3
991,Tuesday,Male,16-20 yr,Arms,2,2,3,1,1,1,4,2,1,3,3,3,5,5,4,3,3,3,3,2,2,2
992,Saturday,Female,46-50 yr,Trolley,3,1,2,4,3,4,1,1,1,5,4,4,5,4,2,4,2,3,4,2,1,1
993,Saturday,Female,31-35 yr,Cart,3,1,1,2,1,1,2,2,1,3,3,2,3,1,1,4,2,5,5,1,1,1
994,Friday,Female,21-25 yr,Basket,3,2,3,2,1,3,4,4,3,4,3,3,4,4,2,3,3,4,4,2,1,3
995,Tuesday,Female,21-25 yr,Trolley,1,2,2,4,4,4,4,4,1,5,4,4,4,4,3,2,2,4,5,4,3,3
996,Monday,Female,21-25 yr,Trolley,3,2,2,3,2,3,3,2,1,1,3,3,3,2,3,3,3,3,4,1,1,1
997,Tuesday,Male,41-45 yr,Basket,4,2,3,2,3,2,2,2,2,4,3,3,4,4,3,4,2,4,4,3,2,3
998,Monday,Male,21-25 yr,Basket,1,3,1,1,1,1,3,2,1,3,3,3,1,2,1,4,2,2,3,1,1,1
999,Wednesday,Male,46-50 yr,Arms,1,1,1,1,1,1,2,1,1,4,5,5,2,2,1,4,2,3,4,2,1,1
1000,Tuesday,Male,21-25 yr,Arms,4,3,4,3,2,3,2,2,2,4,4,4,3,4,2,5,2,4,3,4,3,4
1001,Tuesday,Female,21-25 yr,Trolley,3,4,3,5,5,5,2,3,1,4,4,4,4,4,2,3,2,4,4,4,4,4
1002,Monday,Male,51-55 yr,Cart,1,3,1,2,2,2,4,3,3,4,4,4,3,4,2,3,4,2,4,2,2,2
1003,Wednesday,Female,26-30 yr,Arms,2,1,1,4,4,4,1,1,1,5,4,4,2,3,1,1,1,4,2,4,3,3
1004,Saturday,Male,21-25 yr,Basket,2,2,2,4,2,2,2,3,2,3,4,3,4,4,4,4,3,4,4,4,3,4
1005,Wednesday,Male,21-25 yr,Arms,3,3,3,2,2,2,4,4,2,2,4,4,4,4,3,1,2,4,4,4,4,4
1006,Saturday,Male,21-25 yr,Basket,4,3,2,5,4,4,1,1,1,4,4,4,4,4,4,4,2,5,4,4,4,5
1007,Saturday,Female,21-25 yr,Basket,3,3,4,4,3,3,3,4,2,4,4,4,5,5,5,3,3,3,4,4,3,4
1008,Friday,Female,26-30 yr,Trolley,4,2,4,5,4,4,2,2,2,5,4,4,4,5,3,3,3,5,3,5,4,4
1009,Friday,Male,16-20 yr,Basket,4,3,4,2,1,2,2,3,3,4,4,4,2,2,2,4,2,4,3,2,3,3
1010,Thursday,Male,71-75 yr,Cart,2,4,2,1,1,3,2,2,2,4,3,4,5,1,1,4,3,4,4,2,1,1
1011,Wednesday,Male,21-25 yr,Arms,3,2,2,5,3,4,3,3,3,3,3,4,4,4,4,4,3,4,3,4,3,3
1012,Monday,Female,21-25 yr,Trolley,2,1,2,5,1,4,3,2,2,4,4,4,2,2,1,4,3,3,4,3,2,4
1013,Monday,Female,26-30 yr,Arms,3,4,3,5,4,4,4,4,2,4,3,4,5,5,4,3,2,4,3,2,2,3
1014,Tuesday,Female,46-50 yr,Trolley,2,2,1,4,4,4,4,4,4,4,4,4,4,4,2,4,2,2,2,4,4,3
1015,Tuesday,Female,51-55 yr,Basket,3,2,2,4,4,3,3,2,2,4,4,3,3,4,2,3,2,3,3,2,3,3
1016,Saturday,Female,21-25 yr,Basket,3,4,4,4,4,4,2,2,2,4,4,3,4,4,4,4,4,2,2,4,4,4
1017,Wednesday,Male,21-25 yr,Arms,4,4,3,2,1,2,3,3,4,3,5,2,5,4,4,4,2,2,2,4,3,4
1018,Friday,Male,26-30 yr,Arms,3,2,4,3,2,2,1,1,2,4,4,3,4,3,2,2,1,4,4,2,3,3
1019,Wednesday,Male,26-30 yr,Basket,4,3,3,3,2,4,3,4,3,4,4,3,2,5,4,5,1,4,4,4,3,4
1020,Wednesday,Male,21-25 yr,Cart,3,3,4,4,4,4,2,2,2,5,5,5,5,5,3,4,2,4,4,5,5,5
1021,Tuesday,Female,46-50 yr,Trolley,3,3,3,3,2,3,4,4,3,5,3,4,4,3,2,3,2,4,4,3,3,4
1022,Tuesday,Male,26-30 yr,Trolley,2,2,2,3,1,3,2,3,3,3,2,2,2,3,2,3,2,3,4,1,2,3
1023,Wednesday,Female,46-50 yr,Basket,3,2,3,2,1,1,2,2,1,4,3,4,3,2,2,3,3,4,4,2,2,3
1024,Monday,Male,21-25 yr,Trolley,3,3,3,2,2,2,2,3,3,4,4,3,5,5,1,3,3,3,3,2,2,2
1025,Saturday,Female,41-45 yr,Cart,1,3,3,3,1,1,3,3,1,4,3,4,1,1,1,3,3,4,3,1,1,1
1026,Monday,Female,51-55 yr,Cart,3,2,2,5,3,4,2,2,2,4,4,4,4,3,1,5,3,1,2,1,1,1
1027,Thursday,Female,51-55 yr,Basket,1,1,1,2,2,1,3,3,3,4,4,4,3,3,4,4,4,4,4,1,1,1
1028,Thursday,Male,21-25 yr,Trolley,4,4,4,4,4,2,3,4,2,4,4,4,4,3,4,3,2,4,4,4,4,4
1029,Saturday,Male,26-30 yr,Basket,4,3,3,2,2,2,3,2,2,4,4,4,4,3,4,4,2,4,4,2,1,4
1030,Saturday,Male,26-30 yr,Trolley,4,4,4,1,1,3,4,3,4,4,3,4,5,5,5,4,2,4,4,3,2,3
1031,Monday,Male,26-30 yr,Trolley,1,1,1,3,2,1,1,2,2,2,2,2,4,3,2,4,3,2,2,2,1,3
1032,Monday,Male,26-30 yr,Basket,2,1,3,2,1,2,2,2,2,3,3,3,3,3,2,1,1,2,2,3,3,3
1033,Friday,Male,26-30 yr,Basket,3,3,3,4,2,2,5,3,2,5,5,5,4,4,2,2,3,5,5,2,2,3
1034,Saturday,Female,21-25 yr,Trolley,1,2,3,4,3,4,4,4,4,4,3,3,3,4,2,4,2,3,2,3,2,4
1035,Monday,Female,51-55 yr,Cart,3,3,3,4,4,4,4,3,2,4,3,4,4,4,4,4,3,5,3,3,3,3
1036,Saturday,Male,36-40 yr,Arms,2,3,2,2,2,2,4,2,3,4,4,3,2,3,2,2,2,2,4,2,4,4
1037,Tuesday,Male,21-25 yr,Arms,2,1,2,1,1,1,2,1,1,3,3,2,5,4,3,4,4,4,4,2,1,3
1038,Monday,Male,21-25 yr,Arms,1,2,1,1,1,1,1,1,1,4,3,4,5,5,3,3,3,4,4,1,1,1
1039,Saturday,Male,26-30 yr,Basket,2,3,2,2,2,2,3,4,4,2,3,3,4,4,4,4,4,4,2,3,2,2
1040,Saturday,Female,41-45 yr,Cart,3,4,2,4,5,4,4,4,3,5,4,4,4,4,3,1,2,4,4,2,4,4
1041,Tuesday,Male,31-35 yr,Cart,2,4,1,2,2,2,3,2,3,3,4,4,2,2,2,5,5,4,4,2,1,1
1042,Monday,Female,36-40 yr,Cart,4,2,3,4,2,4,2,2,2,4,5,4,4,4,4,2,2,4,4,4,3,4
1043,Tuesday,Female,21-25 yr,Arms,4,4,4,5,5,5,3,3,2,4,3,4,4,4,2,2,2,4,4,5,4,5
1044,Tuesday,Male,61-65 yr,Trolley,1,3,2,4,4,3,4,4,2,4,4,4,2,2,1,2,2,2,4,2,3,4
1045,Friday,Male,41-45 yr,Arms,3,4,3,3,2,2,3,4,3,3,5,3,3,4,4,3,2,4,4,4,3,3
1046,Saturday,Female,21-25 yr,Trolley,4,4,4,4,5,5,4,4,2,4,5,4,4,4,2,2,2,4,3,4,5,5
1047,Saturday,Male,31-35 yr,Basket,2,2,2,2,1,1,2,2,1,1,3,2,2,2,1,2,2,2,2,2,1,3
1048,Tuesday,Male,41-45 yr,Cart,2,3,3,3,3,2,1,1,1,1,2,1,3,3,3,3,3,5,5,1,1,1
1049,Tuesday,Male,16-20 yr,Arms,3,2,2,2,2,2,4,4,3,2,2,3,4,4,4,5,5,2,3,2,3,3
1050,Thursday,Male,26-30 yr,Basket,3,2,2,2,2,3,4,4,4,3,4,4,4,4,3,4,3,5,4,4,4,2
1051,Thursday,Male,31-35 yr,Basket,2,1,3,1,1,1,1,1,1,3,3,2,5,5,4,4,4,4,4,1,1,1
1052,Saturday,Female,26-30 yr,Trolley,2,2,2,1,3,1,1,1,1,2,2,2,3,3,1,1,1,4,3,2,2,2
1053,Friday,Female,21-25 yr,Trolley,1,2,2,4,4,4,2,1,4,4,4,4,4,4,4,4,4,5,4,1,2,2
1054,Friday,Male,31-35 yr,Cart,3,2,2,2,1,2,1,1,3,4,4,4,4,3,3,3,3,3,4,2,1,2
1055,Saturday,Female,51-55 yr,Cart,1,3,2,3,1,2,4,4,3,1,5,4,3,3,2,4,2,4,2,1,1,1
1056,Saturday,Female,21-25 yr,Trolley,1,2,1,3,3,3,3,2,2,4,4,4,2,2,1,5,3,4,4,1,1,2
1057,Saturday,Male,36-40 yr,Trolley,1,1,1,3,1,3,3,1,1,3,3,3,1,1,1,3,3,3,3,1,1,1
1058,Friday,Male,21-25 yr,Basket,2,1,3,1,1,1,4,2,1,4,3,1,3,3,2,4,5,1,4,1,1,1
1059,Thursday,Female,26-30 yr,Cart,2,3,2,4,4,3,5,2,2,5,4,3,2,4,1,3,4,4,4,1,1,3
1060,Wednesday,Male,21-25 yr,Arms,1,1,1,3,2,2,3,4,1,5,4,5,5,5,3,3,4,3,4,1,1,1
1061,Saturday,Male,26-30 yr,Cart,4,2,4,4,2,3,2,2,4,4,5,5,2,4,1,5,3,4,4,2,2,2
